date,model,actual,predicted,horizon_day
2025-05-23,Naïve Persistence,2473.0,2473.0,1
2025-05-24,Naïve Persistence,2473.0,2473.0,2
2025-05-25,Naïve Persistence,2473.0,2473.0,3
2025-05-26,Naïve Persistence,2473.0,2473.0,4
2025-05-27,Naïve Persistence,2504.0,2473.0,5
2025-05-28,Naïve Persistence,2499.0,2504.0,6
2025-05-29,Naïve Persistence,2506.0,2499.0,7
2025-05-30,Naïve Persistence,2506.0,2506.0,8
2025-05-31,Naïve Persistence,2506.0,2506.0,9
2025-06-01,Naïve Persistence,2528.0,2506.0,10
2025-06-02,Naïve Persistence,2518.0,2528.0,11
2025-06-03,Naïve Persistence,2519.0,2518.0,12
2025-06-04,Naïve Persistence,2516.0,2519.0,13
2025-06-05,Naïve Persistence,2503.0,2516.0,14
2025-06-06,Naïve Persistence,2503.0,2503.0,15
2025-06-07,Naïve Persistence,2503.0,2503.0,16
2025-06-08,Naïve Persistence,2507.0,2503.0,17
2025-06-09,Naïve Persistence,2516.0,2507.0,18
2025-06-10,Naïve Persistence,2511.0,2516.0,19
2025-06-11,Naïve Persistence,2511.0,2511.0,20
2025-06-12,Naïve Persistence,2511.0,2511.0,21
2025-06-13,Naïve Persistence,2511.0,2511.0,22
2025-06-14,Naïve Persistence,2511.0,2511.0,23
2025-06-15,Naïve Persistence,2511.0,2511.0,24
2025-06-16,Naïve Persistence,2511.0,2511.0,25
2025-06-17,Naïve Persistence,2523.0,2511.0,26
2025-06-18,Naïve Persistence,2523.0,2523.0,27
2025-06-19,Naïve Persistence,2501.0,2523.0,28
2025-06-20,Naïve Persistence,2501.0,2501.0,29
2025-06-21,Naïve Persistence,2501.0,2501.0,30
2025-06-22,Naïve Persistence,2508.0,2501.0,31
2025-06-23,Naïve Persistence,2495.0,2508.0,32
2025-06-24,Naïve Persistence,2489.0,2495.0,33
2025-06-25,Naïve Persistence,2470.0,2489.0,34
2025-06-26,Naïve Persistence,2447.0,2470.0,35
2025-06-27,Naïve Persistence,2447.0,2447.0,36
2025-06-28,Naïve Persistence,2447.0,2447.0,37
2025-06-29,Naïve Persistence,2413.0,2447.0,38
2025-06-30,Naïve Persistence,2407.0,2413.0,39
2025-07-01,Naïve Persistence,2391.0,2407.0,40
2025-07-02,Naïve Persistence,2373.0,2391.0,41
2025-07-03,Naïve Persistence,2373.0,2373.0,42
2025-07-04,Naïve Persistence,2373.0,2373.0,43
2025-07-05,Naïve Persistence,2373.0,2373.0,44
2025-07-06,Naïve Persistence,2332.0,2373.0,45
2025-07-07,Naïve Persistence,2317.0,2332.0,46
2025-07-08,Naïve Persistence,2306.0,2317.0,47
2025-07-09,Naïve Persistence,2281.0,2306.0,48
2025-07-10,Naïve Persistence,2252.0,2281.0,49
2025-07-11,Naïve Persistence,2252.0,2252.0,50
2025-07-12,Naïve Persistence,2252.0,2252.0,51
2025-07-13,Naïve Persistence,2204.0,2252.0,52
2025-07-14,Naïve Persistence,2181.0,2204.0,53
2025-07-15,Naïve Persistence,2171.0,2181.0,54
2025-07-16,Naïve Persistence,2164.0,2171.0,55
2025-07-17,Naïve Persistence,2153.0,2164.0,56
2025-07-18,Naïve Persistence,2153.0,2153.0,57
2025-07-19,Naïve Persistence,2153.0,2153.0,58
2025-07-20,Naïve Persistence,2153.0,2153.0,59
2025-07-21,Naïve Persistence,2121.0,2153.0,60
2025-07-22,Naïve Persistence,2117.0,2121.0,61
2025-07-23,Naïve Persistence,2111.0,2117.0,62
2025-07-24,Naïve Persistence,2096.0,2111.0,63
2025-07-25,Naïve Persistence,2096.0,2096.0,64
2025-07-26,Naïve Persistence,2096.0,2096.0,65
2025-07-27,Naïve Persistence,2088.0,2096.0,66
2025-07-28,Naïve Persistence,2080.0,2088.0,67
2025-07-29,Naïve Persistence,2072.0,2080.0,68
2025-07-30,Naïve Persistence,2063.0,2072.0,69
2025-07-31,Naïve Persistence,2058.0,2063.0,70
2025-08-01,Naïve Persistence,2058.0,2058.0,71
2025-08-02,Naïve Persistence,2058.0,2058.0,72
2025-08-03,Naïve Persistence,2049.0,2058.0,73
2025-08-04,Naïve Persistence,2040.0,2049.0,74
2025-08-05,Naïve Persistence,2042.0,2040.0,75
2025-08-06,Naïve Persistence,2036.0,2042.0,76
2025-08-07,Naïve Persistence,2031.0,2036.0,77
2025-08-08,Naïve Persistence,2031.0,2031.0,78
2025-08-09,Naïve Persistence,2031.0,2031.0,79
2025-08-10,Naïve Persistence,2006.0,2031.0,80
2025-08-11,Naïve Persistence,1999.0,2006.0,81
2025-08-12,Naïve Persistence,1999.0,1999.0,82
2025-08-13,Naïve Persistence,1997.0,1999.0,83
2025-08-14,Naïve Persistence,1994.0,1997.0,84
2025-08-15,Naïve Persistence,1994.0,1994.0,85
2025-08-16,Naïve Persistence,1994.0,1994.0,86
2025-08-17,Naïve Persistence,1991.0,1994.0,87
2025-08-18,Naïve Persistence,1985.0,1991.0,88
2025-08-19,Naïve Persistence,1980.0,1985.0,89
2025-08-20,Naïve Persistence,1983.0,1980.0,90
2025-08-21,Naïve Persistence,1972.0,1983.0,91
2025-08-22,Naïve Persistence,1972.0,1972.0,92
2025-08-23,Naïve Persistence,1972.0,1972.0,93
2025-08-24,Naïve Persistence,1981.0,1972.0,94
2025-08-25,Naïve Persistence,1980.0,1981.0,95
2025-08-26,Naïve Persistence,1989.0,1980.0,96
2025-08-27,Naïve Persistence,1988.0,1989.0,97
2025-08-28,Naïve Persistence,1984.0,1988.0,98
2025-08-29,Naïve Persistence,1984.0,1984.0,99
2025-08-30,Naïve Persistence,1984.0,1984.0,100
2025-08-31,Naïve Persistence,1984.0,1984.0,101
2025-09-01,Naïve Persistence,2010.0,1984.0,102
2025-09-02,Naïve Persistence,2020.0,2010.0,103
2025-09-03,Naïve Persistence,2019.0,2020.0,104
2025-09-04,Naïve Persistence,2015.0,2019.0,105
2025-09-05,Naïve Persistence,2015.0,2015.0,106
2025-09-06,Naïve Persistence,2015.0,2015.0,107
2025-09-07,Naïve Persistence,2026.0,2015.0,108
2025-09-08,Naïve Persistence,2025.0,2026.0,109
2025-09-09,Naïve Persistence,2023.0,2025.0,110
2025-09-10,Naïve Persistence,2025.0,2023.0,111
2025-09-11,Naïve Persistence,2047.0,2025.0,112
2025-09-12,Naïve Persistence,2047.0,2047.0,113
2025-09-13,Naïve Persistence,2047.0,2047.0,114
2025-09-14,Naïve Persistence,2083.0,2047.0,115
2025-09-15,Naïve Persistence,2086.0,2083.0,116
2025-09-16,Naïve Persistence,2095.0,2086.0,117
2025-09-17,Naïve Persistence,2096.0,2095.0,118
2025-09-18,Naïve Persistence,2096.0,2096.0,119
2025-09-19,Naïve Persistence,2096.0,2096.0,120
2025-09-20,Naïve Persistence,2096.0,2096.0,121
2025-09-21,Naïve Persistence,2134.0,2096.0,122
2025-09-22,Naïve Persistence,2141.0,2134.0,123
2025-09-23,Naïve Persistence,2145.0,2141.0,124
2025-09-24,Naïve Persistence,2138.0,2145.0,125
2025-09-25,Naïve Persistence,2132.0,2138.0,126
2025-09-26,Naïve Persistence,2132.0,2132.0,127
2025-09-27,Naïve Persistence,2132.0,2132.0,128
2025-09-28,Naïve Persistence,2146.0,2132.0,129
2025-09-29,Naïve Persistence,2148.0,2146.0,130
2025-09-30,Naïve Persistence,2159.0,2148.0,131
2025-10-01,Naïve Persistence,2163.0,2159.0,132
2025-10-02,Naïve Persistence,2164.0,2163.0,133
2025-10-03,Naïve Persistence,2164.0,2164.0,134
2025-10-04,Naïve Persistence,2164.0,2164.0,135
2025-10-05,Naïve Persistence,2180.0,2164.0,136
2025-10-06,Naïve Persistence,2187.0,2180.0,137
2025-10-07,Naïve Persistence,2189.0,2187.0,138
2025-10-08,Naïve Persistence,2192.0,2189.0,139
2025-10-09,Naïve Persistence,2192.0,2192.0,140
2025-10-10,Naïve Persistence,2192.0,2192.0,141
2025-10-11,Naïve Persistence,2192.0,2192.0,142
2025-10-12,Naïve Persistence,2192.0,2192.0,143
2025-10-13,Naïve Persistence,2223.0,2192.0,144
2025-10-14,Naïve Persistence,2235.0,2223.0,145
2025-10-15,Naïve Persistence,2225.0,2235.0,146
2025-10-16,Naïve Persistence,2233.0,2225.0,147
2025-10-17,Naïve Persistence,2233.0,2233.0,148
2025-10-18,Naïve Persistence,2233.0,2233.0,149
2025-10-19,Naïve Persistence,2237.0,2233.0,150
2025-10-20,Naïve Persistence,2243.0,2237.0,151
2025-10-21,Naïve Persistence,2251.0,2243.0,152
2025-10-22,Naïve Persistence,2261.0,2251.0,153
2025-10-23,Naïve Persistence,2266.0,2261.0,154
2025-10-24,Naïve Persistence,2266.0,2266.0,155
2025-10-25,Naïve Persistence,2266.0,2266.0,156
2025-10-26,Naïve Persistence,2276.0,2266.0,157
2025-10-27,Naïve Persistence,2282.0,2276.0,158
2025-10-28,Naïve Persistence,2286.0,2282.0,159
2025-10-29,Naïve Persistence,2280.0,2286.0,160
2025-10-30,Naïve Persistence,2287.0,2280.0,161
2025-10-31,Naïve Persistence,2287.0,2287.0,162
2025-11-01,Naïve Persistence,2287.0,2287.0,163
2025-11-02,Naïve Persistence,2277.0,2287.0,164
2025-11-03,Naïve Persistence,2269.0,2277.0,165
2025-11-04,Naïve Persistence,2270.0,2269.0,166
2025-11-05,Naïve Persistence,2272.0,2270.0,167
2025-11-06,Naïve Persistence,2264.0,2272.0,168
2025-11-07,Naïve Persistence,2264.0,2264.0,169
2025-11-08,Naïve Persistence,2264.0,2264.0,170
2025-11-09,Naïve Persistence,2294.0,2264.0,171
2025-11-10,Naïve Persistence,2294.0,2294.0,172
2025-11-11,Naïve Persistence,2294.0,2294.0,173
2025-11-12,Naïve Persistence,2302.0,2294.0,174
2025-11-13,Naïve Persistence,2317.0,2302.0,175
2025-11-14,Naïve Persistence,2317.0,2317.0,176
2025-11-15,Naïve Persistence,2317.0,2317.0,177
2025-11-16,Naïve Persistence,2340.0,2317.0,178
2025-11-17,Naïve Persistence,2343.0,2340.0,179
2025-11-18,Naïve Persistence,2345.0,2343.0,180
2025-11-19,Naïve Persistence,2340.0,2345.0,181
2025-11-20,Naïve Persistence,2340.0,2340.0,182
2025-11-21,Naïve Persistence,2340.0,2340.0,183
2025-11-22,Naïve Persistence,2340.0,2340.0,184
2025-11-23,Naïve Persistence,2375.0,2340.0,185
2025-11-24,Naïve Persistence,2371.0,2375.0,186
2025-11-25,Naïve Persistence,2375.0,2371.0,187
2025-11-26,Naïve Persistence,2375.0,2375.0,188
2025-11-27,Naïve Persistence,2389.0,2375.0,189
2025-11-28,Naïve Persistence,2389.0,2389.0,190
2025-11-29,Naïve Persistence,2389.0,2389.0,191
2025-11-30,Naïve Persistence,2415.0,2389.0,192
2025-12-01,Naïve Persistence,2410.0,2415.0,193
2025-12-02,Naïve Persistence,2407.0,2410.0,194
2025-12-03,Naïve Persistence,2419.0,2407.0,195
2025-12-04,Naïve Persistence,2418.0,2419.0,196
2025-12-05,Naïve Persistence,2418.0,2418.0,197
2025-12-06,Naïve Persistence,2418.0,2418.0,198
2025-12-07,Naïve Persistence,2429.0,2418.0,199
2025-12-08,Naïve Persistence,2440.0,2429.0,200
2025-12-09,Naïve Persistence,2443.0,2440.0,201
2025-12-10,Naïve Persistence,2439.0,2443.0,202
2025-12-11,Naïve Persistence,2437.0,2439.0,203
2025-12-12,Naïve Persistence,2437.0,2437.0,204
2025-12-13,Naïve Persistence,2437.0,2437.0,205
2025-12-14,Naïve Persistence,2462.0,2437.0,206
2025-12-15,Naïve Persistence,2470.0,2462.0,207
2025-12-16,Naïve Persistence,2468.0,2470.0,208
2025-12-17,Naïve Persistence,2481.0,2468.0,209
2025-12-18,Naïve Persistence,2472.0,2481.0,210
2025-12-19,Naïve Persistence,2472.0,2472.0,211
2025-12-20,Naïve Persistence,2472.0,2472.0,212
2025-12-21,Naïve Persistence,2484.0,2472.0,213
2025-05-23,Moving Average,2473.0,2444.4285714285716,1
2025-05-24,Moving Average,2473.0,2453.4285714285716,2
2025-05-25,Moving Average,2473.0,2462.4285714285716,3
2025-05-26,Moving Average,2473.0,2467.5714285714284,4
2025-05-27,Moving Average,2504.0,2469.8571428571427,5
2025-05-28,Moving Average,2499.0,2476.5714285714284,6
2025-05-29,Moving Average,2506.0,2481.1428571428573,7
2025-05-30,Moving Average,2506.0,2485.8571428571427,8
2025-05-31,Moving Average,2506.0,2490.5714285714284,9
2025-06-01,Moving Average,2528.0,2495.285714285714,10
2025-06-02,Moving Average,2518.0,2503.1428571428573,11
2025-06-03,Moving Average,2519.0,2509.5714285714284,12
2025-06-04,Moving Average,2516.0,2511.714285714286,13
2025-06-05,Moving Average,2503.0,2514.1428571428573,14
2025-06-06,Moving Average,2503.0,2513.714285714286,15
2025-06-07,Moving Average,2503.0,2513.285714285714,16
2025-06-08,Moving Average,2507.0,2512.8571428571427,17
2025-06-09,Moving Average,2516.0,2509.8571428571427,18
2025-06-10,Moving Average,2511.0,2509.5714285714284,19
2025-06-11,Moving Average,2511.0,2508.4285714285716,20
2025-06-12,Moving Average,2511.0,2507.714285714286,21
2025-06-13,Moving Average,2511.0,2508.8571428571427,22
2025-06-14,Moving Average,2511.0,2510.0,23
2025-06-15,Moving Average,2511.0,2511.1428571428573,24
2025-06-16,Moving Average,2511.0,2511.714285714286,25
2025-06-17,Moving Average,2523.0,2511.0,26
2025-06-18,Moving Average,2523.0,2512.714285714286,27
2025-06-19,Moving Average,2501.0,2514.4285714285716,28
2025-06-20,Moving Average,2501.0,2513.0,29
2025-06-21,Moving Average,2501.0,2511.5714285714284,30
2025-06-22,Moving Average,2508.0,2510.1428571428573,31
2025-06-23,Moving Average,2495.0,2509.714285714286,32
2025-06-24,Moving Average,2489.0,2507.4285714285716,33
2025-06-25,Moving Average,2470.0,2502.5714285714284,34
2025-06-26,Moving Average,2447.0,2495.0,35
2025-06-27,Moving Average,2447.0,2487.285714285714,36
2025-06-28,Moving Average,2447.0,2479.5714285714284,37
2025-06-29,Moving Average,2413.0,2471.8571428571427,38
2025-06-30,Moving Average,2407.0,2458.285714285714,39
2025-07-01,Moving Average,2391.0,2445.714285714286,40
2025-07-02,Moving Average,2373.0,2431.714285714286,41
2025-07-03,Moving Average,2373.0,2417.8571428571427,42
2025-07-04,Moving Average,2373.0,2407.285714285714,43
2025-07-05,Moving Average,2373.0,2396.714285714286,44
2025-07-06,Moving Average,2332.0,2386.1428571428573,45
2025-07-07,Moving Average,2317.0,2374.5714285714284,46
2025-07-08,Moving Average,2306.0,2361.714285714286,47
2025-07-09,Moving Average,2281.0,2349.5714285714284,48
2025-07-10,Moving Average,2252.0,2336.4285714285716,49
2025-07-11,Moving Average,2252.0,2319.1428571428573,50
2025-07-12,Moving Average,2252.0,2301.8571428571427,51
2025-07-13,Moving Average,2204.0,2284.5714285714284,52
2025-07-14,Moving Average,2181.0,2266.285714285714,53
2025-07-15,Moving Average,2171.0,2246.8571428571427,54
2025-07-16,Moving Average,2164.0,2227.5714285714284,55
2025-07-17,Moving Average,2153.0,2210.8571428571427,56
2025-07-18,Moving Average,2153.0,2196.714285714286,57
2025-07-19,Moving Average,2153.0,2182.5714285714284,58
2025-07-20,Moving Average,2153.0,2168.4285714285716,59
2025-07-21,Moving Average,2121.0,2161.1428571428573,60
2025-07-22,Moving Average,2117.0,2152.5714285714284,61
2025-07-23,Moving Average,2111.0,2144.8571428571427,62
2025-07-24,Moving Average,2096.0,2137.285714285714,63
2025-07-25,Moving Average,2096.0,2129.1428571428573,64
2025-07-26,Moving Average,2096.0,2121.0,65
2025-07-27,Moving Average,2088.0,2112.8571428571427,66
2025-07-28,Moving Average,2080.0,2103.5714285714284,67
2025-07-29,Moving Average,2072.0,2097.714285714286,68
2025-07-30,Moving Average,2063.0,2091.285714285714,69
2025-07-31,Moving Average,2058.0,2084.4285714285716,70
2025-08-01,Moving Average,2058.0,2079.0,71
2025-08-02,Moving Average,2058.0,2073.5714285714284,72
2025-08-03,Moving Average,2049.0,2068.1428571428573,73
2025-08-04,Moving Average,2040.0,2062.5714285714284,74
2025-08-05,Moving Average,2042.0,2056.8571428571427,75
2025-08-06,Moving Average,2036.0,2052.5714285714284,76
2025-08-07,Moving Average,2031.0,2048.714285714286,77
2025-08-08,Moving Average,2031.0,2044.857142857143,78
2025-08-09,Moving Average,2031.0,2041.0,79
2025-08-10,Moving Average,2006.0,2037.142857142857,80
2025-08-11,Moving Average,1999.0,2031.0,81
2025-08-12,Moving Average,1999.0,2025.142857142857,82
2025-08-13,Moving Average,1997.0,2019.0,83
2025-08-14,Moving Average,1994.0,2013.4285714285713,84
2025-08-15,Moving Average,1994.0,2008.142857142857,85
2025-08-16,Moving Average,1994.0,2002.857142857143,86
2025-08-17,Moving Average,1991.0,1997.5714285714287,87
2025-08-18,Moving Average,1985.0,1995.4285714285713,88
2025-08-19,Moving Average,1980.0,1993.4285714285713,89
2025-08-20,Moving Average,1983.0,1990.7142857142858,90
2025-08-21,Moving Average,1972.0,1988.7142857142858,91
2025-08-22,Moving Average,1972.0,1985.5714285714287,92
2025-08-23,Moving Average,1972.0,1982.4285714285713,93
2025-08-24,Moving Average,1981.0,1979.2857142857142,94
2025-08-25,Moving Average,1980.0,1977.857142857143,95
2025-08-26,Moving Average,1989.0,1977.142857142857,96
2025-08-27,Moving Average,1988.0,1978.4285714285713,97
2025-08-28,Moving Average,1984.0,1979.142857142857,98
2025-08-29,Moving Average,1984.0,1980.857142857143,99
2025-08-30,Moving Average,1984.0,1982.5714285714287,100
2025-08-31,Moving Average,1984.0,1984.2857142857142,101
2025-09-01,Moving Average,2010.0,1984.7142857142858,102
2025-09-02,Moving Average,2020.0,1989.0,103
2025-09-03,Moving Average,2019.0,1993.4285714285713,104
2025-09-04,Moving Average,2015.0,1997.857142857143,105
2025-09-05,Moving Average,2015.0,2002.2857142857142,106
2025-09-06,Moving Average,2015.0,2006.7142857142858,107
2025-09-07,Moving Average,2026.0,2011.142857142857,108
2025-09-08,Moving Average,2025.0,2017.142857142857,109
2025-09-09,Moving Average,2023.0,2019.2857142857142,110
2025-09-10,Moving Average,2025.0,2019.7142857142858,111
2025-09-11,Moving Average,2047.0,2020.5714285714287,112
2025-09-12,Moving Average,2047.0,2025.142857142857,113
2025-09-13,Moving Average,2047.0,2029.7142857142858,114
2025-09-14,Moving Average,2083.0,2034.2857142857142,115
2025-09-15,Moving Average,2086.0,2042.4285714285713,116
2025-09-16,Moving Average,2095.0,2051.1428571428573,117
2025-09-17,Moving Average,2096.0,2061.4285714285716,118
2025-09-18,Moving Average,2096.0,2071.5714285714284,119
2025-09-19,Moving Average,2096.0,2078.5714285714284,120
2025-09-20,Moving Average,2096.0,2085.5714285714284,121
2025-09-21,Moving Average,2134.0,2092.5714285714284,122
2025-09-22,Moving Average,2141.0,2099.8571428571427,123
2025-09-23,Moving Average,2145.0,2107.714285714286,124
2025-09-24,Moving Average,2138.0,2114.8571428571427,125
2025-09-25,Moving Average,2132.0,2120.8571428571427,126
2025-09-26,Moving Average,2132.0,2126.0,127
2025-09-27,Moving Average,2132.0,2131.1428571428573,128
2025-09-28,Moving Average,2146.0,2136.285714285714,129
2025-09-29,Moving Average,2148.0,2138.0,130
2025-09-30,Moving Average,2159.0,2139.0,131
2025-10-01,Moving Average,2163.0,2141.0,132
2025-10-02,Moving Average,2164.0,2144.5714285714284,133
2025-10-03,Moving Average,2164.0,2149.1428571428573,134
2025-10-04,Moving Average,2164.0,2153.714285714286,135
2025-10-05,Moving Average,2180.0,2158.285714285714,136
2025-10-06,Moving Average,2187.0,2163.1428571428573,137
2025-10-07,Moving Average,2189.0,2168.714285714286,138
2025-10-08,Moving Average,2192.0,2173.0,139
2025-10-09,Moving Average,2192.0,2177.1428571428573,140
2025-10-10,Moving Average,2192.0,2181.1428571428573,141
2025-10-11,Moving Average,2192.0,2185.1428571428573,142
2025-10-12,Moving Average,2192.0,2189.1428571428573,143
2025-10-13,Moving Average,2223.0,2190.8571428571427,144
2025-10-14,Moving Average,2235.0,2196.0,145
2025-10-15,Moving Average,2225.0,2202.5714285714284,146
2025-10-16,Moving Average,2233.0,2207.285714285714,147
2025-10-17,Moving Average,2233.0,2213.1428571428573,148
2025-10-18,Moving Average,2233.0,2219.0,149
2025-10-19,Moving Average,2237.0,2224.8571428571427,150
2025-10-20,Moving Average,2243.0,2231.285714285714,151
2025-10-21,Moving Average,2251.0,2234.1428571428573,152
2025-10-22,Moving Average,2261.0,2236.4285714285716,153
2025-10-23,Moving Average,2266.0,2241.5714285714284,154
2025-10-24,Moving Average,2266.0,2246.285714285714,155
2025-10-25,Moving Average,2266.0,2251.0,156
2025-10-26,Moving Average,2276.0,2255.714285714286,157
2025-10-27,Moving Average,2282.0,2261.285714285714,158
2025-10-28,Moving Average,2286.0,2266.8571428571427,159
2025-10-29,Moving Average,2280.0,2271.8571428571427,160
2025-10-30,Moving Average,2287.0,2274.5714285714284,161
2025-10-31,Moving Average,2287.0,2277.5714285714284,162
2025-11-01,Moving Average,2287.0,2280.5714285714284,163
2025-11-02,Moving Average,2277.0,2283.5714285714284,164
2025-11-03,Moving Average,2269.0,2283.714285714286,165
2025-11-04,Moving Average,2270.0,2281.8571428571427,166
2025-11-05,Moving Average,2272.0,2279.5714285714284,167
2025-11-06,Moving Average,2264.0,2278.4285714285716,168
2025-11-07,Moving Average,2264.0,2275.1428571428573,169
2025-11-08,Moving Average,2264.0,2271.8571428571427,170
2025-11-09,Moving Average,2294.0,2268.5714285714284,171
2025-11-10,Moving Average,2294.0,2271.0,172
2025-11-11,Moving Average,2294.0,2274.5714285714284,173
2025-11-12,Moving Average,2302.0,2278.0,174
2025-11-13,Moving Average,2317.0,2282.285714285714,175
2025-11-14,Moving Average,2317.0,2289.8571428571427,176
2025-11-15,Moving Average,2317.0,2297.4285714285716,177
2025-11-16,Moving Average,2340.0,2305.0,178
2025-11-17,Moving Average,2343.0,2311.5714285714284,179
2025-11-18,Moving Average,2345.0,2318.5714285714284,180
2025-11-19,Moving Average,2340.0,2325.8571428571427,181
2025-11-20,Moving Average,2340.0,2331.285714285714,182
2025-11-21,Moving Average,2340.0,2334.5714285714284,183
2025-11-22,Moving Average,2340.0,2337.8571428571427,184
2025-11-23,Moving Average,2375.0,2341.1428571428573,185
2025-11-24,Moving Average,2371.0,2346.1428571428573,186
2025-11-25,Moving Average,2375.0,2350.1428571428573,187
2025-11-26,Moving Average,2375.0,2354.4285714285716,188
2025-11-27,Moving Average,2389.0,2359.4285714285716,189
2025-11-28,Moving Average,2389.0,2366.4285714285716,190
2025-11-29,Moving Average,2389.0,2373.4285714285716,191
2025-11-30,Moving Average,2415.0,2380.4285714285716,192
2025-12-01,Moving Average,2410.0,2386.1428571428573,193
2025-12-02,Moving Average,2407.0,2391.714285714286,194
2025-12-03,Moving Average,2419.0,2396.285714285714,195
2025-12-04,Moving Average,2418.0,2402.5714285714284,196
2025-12-05,Moving Average,2418.0,2406.714285714286,197
2025-12-06,Moving Average,2418.0,2410.8571428571427,198
2025-12-07,Moving Average,2429.0,2415.0,199
2025-12-08,Moving Average,2440.0,2417.0,200
2025-12-09,Moving Average,2443.0,2421.285714285714,201
2025-12-10,Moving Average,2439.0,2426.4285714285716,202
2025-12-11,Moving Average,2437.0,2429.285714285714,203
2025-12-12,Moving Average,2437.0,2432.0,204
2025-12-13,Moving Average,2437.0,2434.714285714286,205
2025-12-14,Moving Average,2462.0,2437.4285714285716,206
2025-12-15,Moving Average,2470.0,2442.1428571428573,207
2025-12-16,Moving Average,2468.0,2446.4285714285716,208
2025-12-17,Moving Average,2481.0,2450.0,209
2025-12-18,Moving Average,2472.0,2456.0,210
2025-12-19,Moving Average,2472.0,2461.0,211
2025-12-20,Moving Average,2472.0,2466.0,212
2025-12-21,Moving Average,2484.0,2471.0,213
2025-05-23,ARIMA,2473.0,2477.6896114249757,1
2025-05-24,ARIMA,2473.0,2482.04416581552,2
2025-05-25,ARIMA,2473.0,2486.2810783559084,3
2025-05-26,ARIMA,2473.0,2490.2150321578615,4
2025-05-27,ARIMA,2504.0,2494.042946180854,5
2025-05-28,ARIMA,2499.0,2497.5969243393733,6
2025-05-29,ARIMA,2506.0,2501.0553216566477,7
2025-05-30,ARIMA,2506.0,2504.2660252656224,8
2025-05-31,ARIMA,2506.0,2507.3905763686253,9
2025-06-01,ARIMA,2528.0,2510.291161661947,10
2025-06-02,ARIMA,2518.0,2513.1140936447446,11
2025-06-03,ARIMA,2519.0,2515.7345143823686,12
2025-06-04,ARIMA,2516.0,2518.284943347115,13
2025-06-05,ARIMA,2503.0,2520.6522601314377,14
2025-06-06,ARIMA,2503.0,2522.9564915051474,15
2025-06-07,ARIMA,2503.0,2525.0951512217443,16
2025-06-08,ARIMA,2507.0,2527.1769510820627,17
2025-06-09,ARIMA,2516.0,2529.1090393503364,18
2025-06-10,ARIMA,2511.0,2530.989879558972,19
2025-06-11,ARIMA,2511.0,2532.735348799561,20
2025-06-12,ARIMA,2511.0,2534.4346284718554,21
2025-06-13,ARIMA,2511.0,2536.01150394587,22
2025-06-14,ARIMA,2511.0,2537.5467495409102,23
2025-06-15,ARIMA,2511.0,2538.9713154886003,24
2025-06-16,ARIMA,2511.0,2540.358361583737,25
2025-06-17,ARIMA,2523.0,2541.645329384699,26
2025-06-18,ARIMA,2523.0,2542.898481999106,27
2025-06-19,ARIMA,2501.0,2544.0611420904943,28
2025-06-20,ARIMA,2501.0,2545.193326242401,29
2025-06-21,ARIMA,2501.0,2546.2436853638887,30
2025-06-22,ARIMA,2508.0,2547.2665783834786,31
2025-06-23,ARIMA,2495.0,2548.2154835661936,32
2025-06-24,ARIMA,2489.0,2549.1396355392553,33
2025-06-25,ARIMA,2470.0,2549.99688611904,34
2025-06-26,ARIMA,2447.0,2550.831828703693,35
2025-06-27,ARIMA,2447.0,2551.6062775153705,36
2025-06-28,ARIMA,2447.0,2552.360622254273,37
2025-06-29,ARIMA,2413.0,2553.0602670518792,38
2025-06-30,ARIMA,2407.0,2553.7417941939643,39
2025-07-01,ARIMA,2391.0,2554.373860240989,40
2025-07-02,ARIMA,2373.0,2554.9895989888932,41
2025-07-03,ARIMA,2373.0,2555.5606136713795,42
2025-07-04,ARIMA,2373.0,2556.116914682277,43
2025-07-05,ARIMA,2373.0,2556.632774915264,44
2025-07-06,ARIMA,2332.0,2557.1353758029218,45
2025-07-07,ARIMA,2317.0,2557.6014089262953,46
2025-07-08,ARIMA,2306.0,2558.055493439973,47
2025-07-09,ARIMA,2281.0,2558.4765122325584,48
2025-07-10,ARIMA,2252.0,2558.8867637231506,49
2025-07-11,ARIMA,2252.0,2559.2671161031467,50
2025-07-12,ARIMA,2252.0,2559.637765828051,51
2025-07-13,ARIMA,2204.0,2559.9813797530305,52
2025-07-14,ARIMA,2181.0,2560.3162505179776,53
2025-07-15,ARIMA,2171.0,2560.626674548117,54
2025-07-16,ARIMA,2164.0,2560.9292201361027,55
2025-07-17,ARIMA,2153.0,2561.2096600795103,56
2025-07-18,ARIMA,2153.0,2561.4830008735216,57
2025-07-19,ARIMA,2153.0,2561.736352892084,58
2025-07-20,ARIMA,2153.0,2561.9833080590483,59
2025-07-21,ARIMA,2121.0,2562.212188576665,60
2025-07-22,ARIMA,2117.0,2562.435305144576,61
2025-07-23,ARIMA,2111.0,2562.642077866622,62
2025-07-24,ARIMA,2096.0,2562.843656994761,63
2025-07-25,ARIMA,2096.0,2563.030457317805,64
2025-07-26,ARIMA,2096.0,2563.2125780310175,65
2025-07-27,ARIMA,2088.0,2563.381335094855,66
2025-07-28,ARIMA,2080.0,2563.5458757266847,67
2025-07-29,ARIMA,2072.0,2563.698332336413,68
2025-07-30,ARIMA,2063.0,2563.846989902269,69
2025-07-31,ARIMA,2058.0,2563.9847205261285,70
2025-08-01,ARIMA,2058.0,2564.1190282263033,71
2025-08-02,ARIMA,2058.0,2564.2434552551435,72
2025-08-03,ARIMA,2049.0,2564.3647982882176,73
2025-08-04,ARIMA,2040.0,2564.4772067244894,74
2025-08-05,ARIMA,2042.0,2564.586836574225,75
2025-08-06,ARIMA,2036.0,2564.6883873021916,76
2025-08-07,ARIMA,2031.0,2564.7874346452722,77
2025-08-08,ARIMA,2031.0,2564.8791764194725,78
2025-08-09,ARIMA,2031.0,2564.96866278723,79
2025-08-10,ARIMA,2006.0,2565.0515430629944,80
2025-08-11,ARIMA,1999.0,2565.1323913773963,81
2025-08-12,ARIMA,1999.0,2565.2072660952626,82
2025-08-13,ARIMA,1997.0,2565.2803101878353,83
2025-08-14,ARIMA,1994.0,2565.3479526129017,84
2025-08-15,ARIMA,1994.0,2565.4139458247723,85
2025-08-16,ARIMA,1994.0,2565.475054532267,86
2025-08-17,ARIMA,1991.0,2565.534677484022,87
2025-08-18,ARIMA,1985.0,2565.5898835735616,88
2025-08-19,ARIMA,1980.0,2565.643751185062,89
2025-08-20,ARIMA,1983.0,2565.69362479809,90
2025-08-21,ARIMA,1972.0,2565.742292630653,91
2025-08-22,ARIMA,1972.0,2565.78734883837,92
2025-08-23,ARIMA,1972.0,2565.8313188247234,93
2025-08-24,ARIMA,1981.0,2565.8720229473042,94
2025-08-25,ARIMA,1980.0,2565.9117485684187,95
2025-08-26,ARIMA,1989.0,2565.948520980456,96
2025-08-27,ARIMA,1988.0,2565.984411942646,97
2025-08-28,ARIMA,1984.0,2566.01763241444,98
2025-08-29,ARIMA,1984.0,2566.050058874978,99
2025-08-30,ARIMA,1984.0,2566.0800704945004,100
2025-08-31,ARIMA,1984.0,2566.1093668793237,101
2025-09-01,ARIMA,2010.0,2566.1364795953696,102
2025-09-02,ARIMA,2020.0,2566.1629480482575,103
2025-09-03,ARIMA,2019.0,2566.187441871359,104
2025-09-04,ARIMA,2015.0,2566.2113553701565,105
2025-09-05,ARIMA,2015.0,2566.2334832643287,106
2025-09-06,ARIMA,2015.0,2566.2550884363536,107
2025-09-07,ARIMA,2026.0,2566.2750789315237,108
2025-09-08,ARIMA,2025.0,2566.294598597202,109
2025-09-09,ARIMA,2023.0,2566.312658149308,110
2025-09-10,ARIMA,2025.0,2566.3302936202663,111
2025-09-11,ARIMA,2047.0,2566.3466087433926,112
2025-09-12,ARIMA,2047.0,2566.362541898713,113
2025-09-13,ARIMA,2047.0,2566.3772810912865,114
2025-09-14,ARIMA,2083.0,2566.391676253338,115
2025-09-15,ARIMA,2086.0,2566.4049917382695,116
2025-09-16,ARIMA,2095.0,2566.417997367465,117
2025-09-17,ARIMA,2096.0,2566.430026664214,118
2025-09-18,ARIMA,2096.0,2566.441776890167,119
2025-09-19,ARIMA,2096.0,2566.4526442349597,120
2025-09-20,ARIMA,2096.0,2566.4632602398406,121
2025-09-21,ARIMA,2134.0,2566.4730778687085,122
2025-09-22,ARIMA,2141.0,2566.4826691370613,123
2025-09-23,ARIMA,2145.0,2566.491538444951,124
2025-09-24,ARIMA,2138.0,2566.500203892867,125
2025-09-25,ARIMA,2132.0,2566.5082164807923,126
2025-09-26,ARIMA,2132.0,2566.5160454760808,127
2025-09-27,ARIMA,2132.0,2566.5232840971303,128
2025-09-28,ARIMA,2146.0,2566.5303573810143,129
2025-09-29,ARIMA,2148.0,2566.5368967949817,130
2025-09-30,ARIMA,2159.0,2566.5432873148193,131
2025-10-01,ARIMA,2163.0,2566.549195060287,132
2025-10-02,ARIMA,2164.0,2566.554968721912,133
2025-10-03,ARIMA,2164.0,2566.5603058137567,134
2025-10-04,ARIMA,2164.0,2566.565522161193,135
2025-10-05,ARIMA,2180.0,2566.570343720722,136
2025-10-06,ARIMA,2187.0,2566.575056550287,137
2025-10-07,ARIMA,2189.0,2566.579412374506,138
2025-10-08,ARIMA,2192.0,2566.5836702896336,139
2025-10-09,ARIMA,2192.0,2566.5876053655284,140
2025-10-10,ARIMA,2192.0,2566.5914522780354,141
2025-10-11,ARIMA,2192.0,2566.5950072471815,142
2025-10-12,ARIMA,2192.0,2566.5984828301453,143
2025-10-13,ARIMA,2223.0,2566.6016944084386,144
2025-10-14,ARIMA,2235.0,2566.6048345053587,145
2025-10-15,ARIMA,2225.0,2566.6077358622038,146
2025-10-16,ARIMA,2233.0,2566.61057285667,147
2025-10-17,ARIMA,2233.0,2566.6131939575434,148
2025-10-18,ARIMA,2233.0,2566.6157571072154,149
2025-10-19,ARIMA,2237.0,2566.6181250231393,150
2025-10-20,ARIMA,2243.0,2566.6204407614905,151
2025-10-21,ARIMA,2251.0,2566.6225799486137,152
2025-10-22,ARIMA,2261.0,2566.6246721575467,153
2025-10-23,ARIMA,2266.0,2566.6266047097224,154
2025-10-24,ARIMA,2266.0,2566.628494965869,155
2025-10-25,ARIMA,2266.0,2566.6302408428323,156
2025-10-26,ARIMA,2276.0,2566.631948640078,157
2025-10-27,ARIMA,2282.0,2566.633525873588,158
2025-10-28,ARIMA,2286.0,2566.635068824118,159
2025-10-29,ARIMA,2280.0,2566.636493704184,160
2025-10-30,ARIMA,2287.0,2566.6378877201196,161
2025-10-31,ARIMA,2287.0,2566.6391749632417,162
2025-11-01,ARIMA,2287.0,2566.6404344207454,163
2025-11-02,ARIMA,2277.0,2566.641597321904,164
2025-11-03,ARIMA,2269.0,2566.6427352094433,165
2025-11-04,ARIMA,2270.0,2566.6437857794076,166
2025-11-05,ARIMA,2272.0,2566.6448138317064,167
2025-11-06,ARIMA,2264.0,2566.64576292108,168
2025-11-07,ARIMA,2264.0,2566.6466917401413,169
2025-11-08,ARIMA,2264.0,2566.647549151426,170
2025-11-09,ARIMA,2294.0,2566.64838831587,171
2025-11-10,ARIMA,2294.0,2566.649162904705,172
2025-11-11,ARIMA,2294.0,2566.6499210685542,173
2025-11-12,ARIMA,2302.0,2566.650620835177,174
2025-11-13,ARIMA,2317.0,2566.6513058171076,175
2025-11-14,ARIMA,2317.0,2566.651937988979,176
2025-11-15,ARIMA,2317.0,2566.6525568529537,177
2025-11-16,ARIMA,2340.0,2566.653127959404,178
2025-11-17,ARIMA,2343.0,2566.6536870875225,179
2025-11-18,ARIMA,2345.0,2566.6542030271853,180
2025-11-19,ARIMA,2340.0,2566.6547081855038,181
2025-11-20,ARIMA,2340.0,2566.6551742872375,182
2025-11-21,ARIMA,2340.0,2566.655630685234,183
2025-11-22,ARIMA,2340.0,2566.6560517631588,184
2025-11-23,ARIMA,2375.0,2566.6564641074574,185
2025-11-24,ARIMA,2371.0,2566.6568445106755,186
2025-11-25,ARIMA,2375.0,2566.6572170535865,187
2025-11-26,ARIMA,2375.0,2566.6575607110994,188
2025-11-27,ARIMA,2389.0,2566.657897294472,189
2025-11-28,ARIMA,2389.0,2566.6582077557605,190
2025-11-29,ARIMA,2389.0,2566.658511850605,191
2025-11-30,ARIMA,2415.0,2566.6587923222883,192
2025-12-01,ARIMA,2410.0,2566.659067064571,193
2025-12-02,ARIMA,2407.0,2566.6593204435244,194
2025-12-03,ARIMA,2419.0,2566.659568666508,195
2025-12-04,ARIMA,2418.0,2566.659797569783,196
2025-12-05,ARIMA,2418.0,2566.660021833248,197
2025-12-06,ARIMA,2418.0,2566.660228625102,198
2025-12-07,ARIMA,2429.0,2566.660431241741,199
2025-12-08,ARIMA,2440.0,2566.660618058055,200
2025-12-09,ARIMA,2443.0,2566.660801117329,201
2025-12-10,ARIMA,2439.0,2566.6609698876678,202
2025-12-11,ARIMA,2437.0,2566.6611352773475,203
2025-12-12,ARIMA,2437.0,2566.6612877448893,204
2025-12-13,ARIMA,2437.0,2566.661437170529,205
2025-12-14,ARIMA,2462.0,2566.661574910068,206
2025-12-15,ARIMA,2470.0,2566.661709912592,207
2025-12-16,ARIMA,2468.0,2566.661834346804,208
2025-12-17,ARIMA,2481.0,2566.6619563183976,209
2025-12-18,ARIMA,2472.0,2566.6620687325344,210
2025-12-19,ARIMA,2472.0,2566.6621789310016,211
2025-12-20,ARIMA,2472.0,2566.662280486165,212
2025-12-21,ARIMA,2484.0,2566.6623800479,213
2025-05-23,SARIMA,2473.0,2471.5826352025524,1
2025-05-24,SARIMA,2473.0,2472.6548642029684,2
2025-05-25,SARIMA,2473.0,2393.936372744101,3
2025-05-26,SARIMA,2473.0,2393.21954300853,4
2025-05-27,SARIMA,2504.0,2414.1896736796357,5
2025-05-28,SARIMA,2499.0,2429.3205359916396,6
2025-05-29,SARIMA,2506.0,2426.07537830115,7
2025-05-30,SARIMA,2506.0,2425.9425006649585,8
2025-05-31,SARIMA,2506.0,2425.8354286868407,9
2025-06-01,SARIMA,2528.0,2321.418300979654,10
2025-06-02,SARIMA,2518.0,2314.2823960270057,11
2025-06-03,SARIMA,2519.0,2341.6033702243035,12
2025-06-04,SARIMA,2516.0,2357.1620471194183,13
2025-06-05,SARIMA,2503.0,2352.3355333872933,14
2025-06-06,SARIMA,2503.0,2351.843681509811,15
2025-06-07,SARIMA,2503.0,2352.0417975201435,16
2025-06-08,SARIMA,2507.0,2240.53097836283,17
2025-06-09,SARIMA,2516.0,2232.22901410994,18
2025-06-10,SARIMA,2511.0,2260.75406989537,19
2025-06-11,SARIMA,2511.0,2276.7897566646852,20
2025-06-12,SARIMA,2511.0,2271.235014814782,21
2025-06-13,SARIMA,2511.0,2270.938074850756,22
2025-06-14,SARIMA,2511.0,2270.9611908927645,23
2025-06-15,SARIMA,2511.0,2157.8631500693277,24
2025-06-16,SARIMA,2511.0,2149.0665944270413,25
2025-06-17,SARIMA,2523.0,2178.072817816642,26
2025-06-18,SARIMA,2523.0,2194.076790150591,27
2025-06-19,SARIMA,2501.0,2188.471631968179,28
2025-06-20,SARIMA,2501.0,2188.1048985682673,29
2025-06-21,SARIMA,2501.0,2188.188855841067,30
2025-06-22,SARIMA,2508.0,2074.5926137703304,31
2025-06-23,SARIMA,2495.0,2065.7520160130516,32
2025-06-24,SARIMA,2489.0,2094.808504309441,33
2025-06-25,SARIMA,2470.0,2110.8684032264987,34
2025-06-26,SARIMA,2447.0,2105.193873579116,35
2025-06-27,SARIMA,2447.0,2104.8591984833383,36
2025-06-28,SARIMA,2447.0,2104.9146676453893,37
2025-06-29,SARIMA,2413.0,1991.2301250393361,38
2025-06-30,SARIMA,2407.0,1982.3439997283574,39
2025-07-01,SARIMA,2391.0,2011.4435783193449,40
2025-07-02,SARIMA,2373.0,2027.491041484916,41
2025-07-03,SARIMA,2373.0,2021.82238053544,42
2025-07-04,SARIMA,2373.0,2021.4750814118252,43
2025-07-05,SARIMA,2373.0,2021.541643119688,44
2025-07-06,SARIMA,2332.0,1907.818357562871,45
2025-07-07,SARIMA,2317.0,1898.9349174154254,46
2025-07-08,SARIMA,2306.0,1928.0328681991464,47
2025-07-09,SARIMA,2281.0,1944.0883004699626,48
2025-07-10,SARIMA,2252.0,1938.4113026040097,49
2025-07-11,SARIMA,2252.0,1938.0694617143217,50
2025-07-12,SARIMA,2252.0,1938.1311933924444,51
2025-07-13,SARIMA,2204.0,1824.404781629067,52
2025-07-14,SARIMA,2181.0,1815.5160590064945,53
2025-07-15,SARIMA,2171.0,1844.6188614887167,54
2025-07-16,SARIMA,2164.0,1860.6716788338772,55
2025-07-17,SARIMA,2153.0,1854.996656246328,56
2025-07-18,SARIMA,2153.0,1854.6525870942628,57
2025-07-19,SARIMA,2153.0,1854.7162822143805,58
2025-07-20,SARIMA,2153.0,1740.9862516879978,59
2025-07-21,SARIMA,2121.0,1732.098670620698,60
2025-07-22,SARIMA,2117.0,1761.2005139063851,61
2025-07-23,SARIMA,2111.0,1777.2546033244012,62
2025-07-24,SARIMA,2096.0,1771.5783731112103,63
2025-07-25,SARIMA,2096.0,1771.2352460561217,64
2025-07-26,SARIMA,2096.0,1771.2981088626273,65
2025-07-27,SARIMA,2088.0,1657.5683316400955,66
2025-07-28,SARIMA,2080.0,1648.6800032140773,67
2025-07-29,SARIMA,2072.0,1677.782518453267,68
2025-07-30,SARIMA,2063.0,1693.8361233979526,69
2025-07-31,SARIMA,2058.0,1688.1602991126977,70
2025-08-01,SARIMA,2058.0,1687.816782203505,71
2025-08-02,SARIMA,2058.0,1687.8799888847727,72
2025-08-03,SARIMA,2049.0,1574.1497853254161,73
2025-08-04,SARIMA,2040.0,1565.261699503044,74
2025-08-05,SARIMA,2042.0,1594.3640037692896,75
2025-08-06,SARIMA,2036.0,1610.417822632372,76
2025-08-07,SARIMA,2031.0,1604.7418040134714,77
2025-08-08,SARIMA,2031.0,1604.3984505622022,78
2025-08-09,SARIMA,2031.0,1604.461512922415,79
2025-08-10,SARIMA,2006.0,1490.7314053913858,80
2025-08-11,SARIMA,1999.0,1481.8432006973626,81
2025-08-12,SARIMA,1999.0,1510.945610682982,82
2025-08-13,SARIMA,1997.0,1526.9993433114862,83
2025-08-14,SARIMA,1994.0,1521.323399391735,84
2025-08-15,SARIMA,1994.0,1520.9799779540103,85
2025-08-16,SARIMA,1994.0,1521.0431003052588,86
2025-08-17,SARIMA,1991.0,1407.312931825506,87
2025-08-18,SARIMA,1985.0,1398.4247722174205,88
2025-08-19,SARIMA,1980.0,1427.5271426153727,89
2025-08-20,SARIMA,1983.0,1443.5809119890205,90
2025-08-21,SARIMA,1972.0,1437.9049352779105,91
2025-08-22,SARIMA,1972.0,1437.5615422567414,92
2025-08-23,SARIMA,1972.0,1437.624639524122,93
2025-08-24,SARIMA,1981.0,1323.8944911414083,94
2025-08-25,SARIMA,1980.0,1315.0063115734947,95
2025-08-26,SARIMA,1989.0,1344.108699640282,96
2025-08-27,SARIMA,1988.0,1360.1624538801636,97
2025-08-28,SARIMA,1984.0,1354.486490434156,98
2025-08-29,SARIMA,1984.0,1354.1430855712458,99
2025-08-30,SARIMA,1984.0,1354.20619328923,100
2025-08-31,SARIMA,1984.0,1240.4760351617078,101
2025-09-01,SARIMA,2010.0,1231.5878636273922,102
2025-09-02,SARIMA,2020.0,1260.690244617103,103
2025-09-03,SARIMA,2019.0,1276.7440052207749,104
2025-09-04,SARIMA,2015.0,1271.0680361346401,105
2025-09-05,SARIMA,2015.0,1270.7246362154951,106
2025-09-06,SARIMA,2015.0,1270.787739569897,107
2025-09-07,SARIMA,2026.0,1157.0575851606616,108
2025-09-08,SARIMA,2025.0,1148.1694101998498,109
2025-09-09,SARIMA,2023.0,1177.2717942171869,110
2025-09-10,SARIMA,2025.0,1193.325552178691,111
2025-09-11,SARIMA,2047.0,1187.64958541854,112
2025-09-12,SARIMA,2047.0,1187.30618343776,113
2025-09-13,SARIMA,2047.0,1187.3692886116983,114
2025-09-14,SARIMA,2083.0,1073.6391325626005,115
2025-09-15,SARIMA,2086.0,1064.7509590121863,116
2025-09-16,SARIMA,2095.0,1093.85334178558,117
2025-09-17,SARIMA,2096.0,1109.9071008526441,118
2025-09-18,SARIMA,2096.0,1104.2311331152002,119
2025-09-19,SARIMA,2096.0,1103.887731994749,120
2025-09-20,SARIMA,2096.0,1103.9508364093483,121
2025-09-21,SARIMA,2134.0,990.2206810217783,122
2025-09-22,SARIMA,2141.0,981.3325068780732,123
2025-09-23,SARIMA,2145.0,1010.434890175326,124
2025-09-24,SARIMA,2138.0,1026.4886487819879,125
2025-09-25,SARIMA,2132.0,1020.8126814505042,126
2025-09-26,SARIMA,2132.0,1020.4692799711851,127
2025-09-27,SARIMA,2132.0,1020.5323847025164,128
2025-09-28,SARIMA,2146.0,906.8022290331886,129
2025-09-29,SARIMA,2148.0,897.9140551357561,130
2025-09-30,SARIMA,2159.0,927.0164382157059,131
2025-10-01,SARIMA,2163.0,943.0701970146577,132
2025-10-02,SARIMA,2164.0,937.3942295133595,133
2025-10-03,SARIMA,2164.0,937.050828183773,134
2025-10-04,SARIMA,2164.0,937.1139327829497,135
2025-10-05,SARIMA,2180.0,823.383777229697,136
2025-10-06,SARIMA,2187.0,814.4956032292029,137
2025-10-07,SARIMA,2189.0,843.597986400129,138
2025-10-08,SARIMA,2192.0,859.6517451189127,139
2025-10-09,SARIMA,2192.0,853.9757776883455,140
2025-10-10,SARIMA,2192.0,853.632376296295,141
2025-10-11,SARIMA,2192.0,853.695480950602,142
2025-10-12,SARIMA,2192.0,739.9653253485474,143
2025-10-13,SARIMA,2223.0,731.077151390969,144
2025-10-14,SARIMA,2235.0,760.1795345240215,145
2025-10-15,SARIMA,2225.0,776.2332932762648,146
2025-10-16,SARIMA,2233.0,770.5573258161597,147
2025-10-17,SARIMA,2233.0,770.2139244501699,148
2025-10-18,SARIMA,2233.0,770.2770290814758,149
2025-10-19,SARIMA,2237.0,656.5468734996851,150
2025-10-20,SARIMA,2243.0,647.6586995241819,151
2025-10-21,SARIMA,2251.0,676.7610826730559,152
2025-10-22,SARIMA,2261.0,692.8148414113435,153
2025-10-23,SARIMA,2266.0,687.138873963554,154
2025-10-24,SARIMA,2266.0,686.7954725866921,155
2025-10-25,SARIMA,2266.0,686.8585772275937,156
2025-10-26,SARIMA,2276.0,573.1284216373244,157
2025-10-27,SARIMA,2282.0,564.240247669294,158
2025-10-28,SARIMA,2286.0,593.3426308115727,159
2025-10-29,SARIMA,2280.0,609.3963895556834,160
2025-10-30,SARIMA,2287.0,603.720422102754,161
2025-10-31,SARIMA,2287.0,603.377020730428,162
2025-11-01,SARIMA,2287.0,603.4401253673262,163
2025-11-02,SARIMA,2277.0,489.70996978058804,164
2025-11-03,SARIMA,2269.0,480.82179580943864,165
2025-11-04,SARIMA,2270.0,509.92417895447016,166
2025-11-05,SARIMA,2272.0,525.9779376961518,167
2025-11-06,SARIMA,2264.0,520.3019702453663,168
2025-11-07,SARIMA,2264.0,519.9585688711478,169
2025-11-08,SARIMA,2264.0,520.0216735097163,170
2025-11-09,SARIMA,2294.0,406.2915179215033,171
2025-11-10,SARIMA,2294.0,397.4033439516548,172
2025-11-11,SARIMA,2294.0,426.50572709553825,173
2025-11-12,SARIMA,2302.0,442.55948583823334,174
2025-11-13,SARIMA,2317.0,436.88351838655325,175
2025-11-14,SARIMA,2317.0,436.5401170131243,176
2025-11-15,SARIMA,2317.0,436.603221650996,177
2025-11-16,SARIMA,2340.0,322.8730660633978,178
2025-11-17,SARIMA,2343.0,313.9848920930065,179
2025-11-18,SARIMA,2345.0,343.087275237369,180
2025-11-19,SARIMA,2340.0,359.1410339796413,181
2025-11-20,SARIMA,2340.0,353.4650665283344,182
2025-11-21,SARIMA,2340.0,353.121665154576,183
2025-11-22,SARIMA,2340.0,353.1847697927384,184
2025-11-23,SARIMA,2375.0,239.45461420488368,185
2025-11-24,SARIMA,2371.0,230.56644023471878,186
2025-11-25,SARIMA,2375.0,259.6688233788814,187
2025-11-26,SARIMA,2375.0,275.7225821213301,188
2025-11-27,SARIMA,2389.0,270.0466146698675,189
2025-11-28,SARIMA,2389.0,269.70321329624653,190
2025-11-29,SARIMA,2389.0,269.7663179342876,191
2025-11-30,SARIMA,2415.0,156.0361623465399,192
2025-12-01,SARIMA,2410.0,147.14798837628055,193
2025-12-02,SARIMA,2407.0,176.25037152052658,194
2025-12-03,SARIMA,2419.0,192.30413026290165,195
2025-12-04,SARIMA,2418.0,186.62816281150398,196
2025-12-05,SARIMA,2418.0,186.28476143782572,197
2025-12-06,SARIMA,2418.0,186.3478660759174,198
2025-12-07,SARIMA,2429.0,72.61771048812504,199
2025-12-08,SARIMA,2440.0,63.72953651790509,200
2025-12-09,SARIMA,2443.0,92.83191966211633,201
2025-12-10,SARIMA,2439.0,108.88567840452211,202
2025-12-11,SARIMA,2437.0,103.20971095309733,203
2025-12-12,SARIMA,2437.0,102.86630957944298,204
2025-12-13,SARIMA,2437.0,102.92941421751358,205
2025-12-14,SARIMA,2462.0,-10.80074137026017,206
2025-12-15,SARIMA,2470.0,-19.688915340496543,207
2025-12-16,SARIMA,2468.0,9.413467803729215,208
2025-12-17,SARIMA,2481.0,25.467226546122184,209
2025-12-18,SARIMA,2472.0,19.791259094708714,210
2025-12-19,SARIMA,2472.0,19.447857721044393,211
2025-12-20,SARIMA,2472.0,19.510962359123788,212
2025-12-21,SARIMA,2484.0,-94.21919322865773,213
2025-05-23,Exp. Smoothing,2473.0,2524.6657296179615,1
2025-05-24,Exp. Smoothing,2473.0,2562.679500196237,2
2025-05-25,Exp. Smoothing,2473.0,2490.9897913782356,3
2025-05-26,Exp. Smoothing,2473.0,2444.782430753345,4
2025-05-27,Exp. Smoothing,2504.0,2452.495508122248,5
2025-05-28,Exp. Smoothing,2499.0,2487.3392895781026,6
2025-05-29,Exp. Smoothing,2506.0,2527.8227069553086,7
2025-05-30,Exp. Smoothing,2506.0,2571.0931465006583,8
2025-05-31,Exp. Smoothing,2506.0,2609.106917078934,9
2025-06-01,Exp. Smoothing,2528.0,2537.417208260933,10
2025-06-02,Exp. Smoothing,2518.0,2491.2098476360425,11
2025-06-03,Exp. Smoothing,2519.0,2498.9229250049452,12
2025-06-04,Exp. Smoothing,2516.0,2533.7667064608,13
2025-06-05,Exp. Smoothing,2503.0,2574.250123838006,14
2025-06-06,Exp. Smoothing,2503.0,2617.5205633833557,15
2025-06-07,Exp. Smoothing,2503.0,2655.5343339616315,16
2025-06-08,Exp. Smoothing,2507.0,2583.84462514363,17
2025-06-09,Exp. Smoothing,2516.0,2537.63726451874,18
2025-06-10,Exp. Smoothing,2511.0,2545.3503418876426,19
2025-06-11,Exp. Smoothing,2511.0,2580.1941233434973,20
2025-06-12,Exp. Smoothing,2511.0,2620.6775407207033,21
2025-06-13,Exp. Smoothing,2511.0,2663.947980266053,22
2025-06-14,Exp. Smoothing,2511.0,2701.961750844329,23
2025-06-15,Exp. Smoothing,2511.0,2630.272042026327,24
2025-06-16,Exp. Smoothing,2511.0,2584.064681401437,25
2025-06-17,Exp. Smoothing,2523.0,2591.77775877034,26
2025-06-18,Exp. Smoothing,2523.0,2626.6215402261946,27
2025-06-19,Exp. Smoothing,2501.0,2667.1049576034006,28
2025-06-20,Exp. Smoothing,2501.0,2710.3753971487504,29
2025-06-21,Exp. Smoothing,2501.0,2748.3891677270262,30
2025-06-22,Exp. Smoothing,2508.0,2676.6994589090245,31
2025-06-23,Exp. Smoothing,2495.0,2630.4920982841345,32
2025-06-24,Exp. Smoothing,2489.0,2638.205175653037,33
2025-06-25,Exp. Smoothing,2470.0,2673.048957108892,34
2025-06-26,Exp. Smoothing,2447.0,2713.532374486098,35
2025-06-27,Exp. Smoothing,2447.0,2756.8028140314477,36
2025-06-28,Exp. Smoothing,2447.0,2794.8165846097236,37
2025-06-29,Exp. Smoothing,2413.0,2723.126875791722,38
2025-06-30,Exp. Smoothing,2407.0,2676.919515166832,39
2025-07-01,Exp. Smoothing,2391.0,2684.632592535734,40
2025-07-02,Exp. Smoothing,2373.0,2719.4763739915893,41
2025-07-03,Exp. Smoothing,2373.0,2759.959791368795,42
2025-07-04,Exp. Smoothing,2373.0,2803.230230914145,43
2025-07-05,Exp. Smoothing,2373.0,2841.244001492421,44
2025-07-06,Exp. Smoothing,2332.0,2769.5542926744192,45
2025-07-07,Exp. Smoothing,2317.0,2723.346932049529,46
2025-07-08,Exp. Smoothing,2306.0,2731.0600094184315,47
2025-07-09,Exp. Smoothing,2281.0,2765.9037908742866,48
2025-07-10,Exp. Smoothing,2252.0,2806.387208251492,49
2025-07-11,Exp. Smoothing,2252.0,2849.6576477968424,50
2025-07-12,Exp. Smoothing,2252.0,2887.671418375118,51
2025-07-13,Exp. Smoothing,2204.0,2815.9817095571166,52
2025-07-14,Exp. Smoothing,2181.0,2769.7743489322265,53
2025-07-15,Exp. Smoothing,2171.0,2777.487426301129,54
2025-07-16,Exp. Smoothing,2164.0,2812.331207756984,55
2025-07-17,Exp. Smoothing,2153.0,2852.8146251341896,56
2025-07-18,Exp. Smoothing,2153.0,2896.0850646795398,57
2025-07-19,Exp. Smoothing,2153.0,2934.098835257815,58
2025-07-20,Exp. Smoothing,2153.0,2862.409126439814,59
2025-07-21,Exp. Smoothing,2121.0,2816.2017658149234,60
2025-07-22,Exp. Smoothing,2117.0,2823.914843183826,61
2025-07-23,Exp. Smoothing,2111.0,2858.7586246396813,62
2025-07-24,Exp. Smoothing,2096.0,2899.242042016887,63
2025-07-25,Exp. Smoothing,2096.0,2942.512481562237,64
2025-07-26,Exp. Smoothing,2096.0,2980.5262521405125,65
2025-07-27,Exp. Smoothing,2088.0,2908.8365433225113,66
2025-07-28,Exp. Smoothing,2080.0,2862.6291826976208,67
2025-07-29,Exp. Smoothing,2072.0,2870.3422600665235,68
2025-07-30,Exp. Smoothing,2063.0,2905.186041522378,69
2025-07-31,Exp. Smoothing,2058.0,2945.6694588995842,70
2025-08-01,Exp. Smoothing,2058.0,2988.9398984449344,71
2025-08-02,Exp. Smoothing,2058.0,3026.95366902321,72
2025-08-03,Exp. Smoothing,2049.0,2955.2639602052086,73
2025-08-04,Exp. Smoothing,2040.0,2909.056599580318,74
2025-08-05,Exp. Smoothing,2042.0,2916.769676949221,75
2025-08-06,Exp. Smoothing,2036.0,2951.6134584050756,76
2025-08-07,Exp. Smoothing,2031.0,2992.0968757822816,77
2025-08-08,Exp. Smoothing,2031.0,3035.3673153276313,78
2025-08-09,Exp. Smoothing,2031.0,3073.381085905907,79
2025-08-10,Exp. Smoothing,2006.0,3001.691377087906,80
2025-08-11,Exp. Smoothing,1999.0,2955.4840164630155,81
2025-08-12,Exp. Smoothing,1999.0,2963.197093831918,82
2025-08-13,Exp. Smoothing,1997.0,2998.040875287773,83
2025-08-14,Exp. Smoothing,1994.0,3038.524292664979,84
2025-08-15,Exp. Smoothing,1994.0,3081.7947322103287,85
2025-08-16,Exp. Smoothing,1994.0,3119.8085027886045,86
2025-08-17,Exp. Smoothing,1991.0,3048.118793970603,87
2025-08-18,Exp. Smoothing,1985.0,3001.911433345713,88
2025-08-19,Exp. Smoothing,1980.0,3009.6245107146156,89
2025-08-20,Exp. Smoothing,1983.0,3044.4682921704702,90
2025-08-21,Exp. Smoothing,1972.0,3084.9517095476763,91
2025-08-22,Exp. Smoothing,1972.0,3128.222149093026,92
2025-08-23,Exp. Smoothing,1972.0,3166.235919671302,93
2025-08-24,Exp. Smoothing,1981.0,3094.5462108533,94
2025-08-25,Exp. Smoothing,1980.0,3048.33885022841,95
2025-08-26,Exp. Smoothing,1989.0,3056.0519275973124,96
2025-08-27,Exp. Smoothing,1988.0,3090.8957090531676,97
2025-08-28,Exp. Smoothing,1984.0,3131.3791264303736,98
2025-08-29,Exp. Smoothing,1984.0,3174.6495659757234,99
2025-08-30,Exp. Smoothing,1984.0,3212.663336553999,100
2025-08-31,Exp. Smoothing,1984.0,3140.9736277359975,101
2025-09-01,Exp. Smoothing,2010.0,3094.7662671111075,102
2025-09-02,Exp. Smoothing,2020.0,3102.47934448001,103
2025-09-03,Exp. Smoothing,2019.0,3137.323125935865,104
2025-09-04,Exp. Smoothing,2015.0,3177.8065433130705,105
2025-09-05,Exp. Smoothing,2015.0,3221.0769828584207,106
2025-09-06,Exp. Smoothing,2015.0,3259.0907534366966,107
2025-09-07,Exp. Smoothing,2026.0,3187.401044618695,108
2025-09-08,Exp. Smoothing,2025.0,3141.193683993805,109
2025-09-09,Exp. Smoothing,2023.0,3148.906761362707,110
2025-09-10,Exp. Smoothing,2025.0,3183.7505428185623,111
2025-09-11,Exp. Smoothing,2047.0,3224.233960195768,112
2025-09-12,Exp. Smoothing,2047.0,3267.504399741118,113
2025-09-13,Exp. Smoothing,2047.0,3305.5181703193934,114
2025-09-14,Exp. Smoothing,2083.0,3233.828461501392,115
2025-09-15,Exp. Smoothing,2086.0,3187.621100876502,116
2025-09-16,Exp. Smoothing,2095.0,3195.3341782454045,117
2025-09-17,Exp. Smoothing,2096.0,3230.1779597012596,118
2025-09-18,Exp. Smoothing,2096.0,3270.661377078465,119
2025-09-19,Exp. Smoothing,2096.0,3313.9318166238154,120
2025-09-20,Exp. Smoothing,2096.0,3351.945587202091,121
2025-09-21,Exp. Smoothing,2134.0,3280.2558783840896,122
2025-09-22,Exp. Smoothing,2141.0,3234.048517759199,123
2025-09-23,Exp. Smoothing,2145.0,3241.761595128102,124
2025-09-24,Exp. Smoothing,2138.0,3276.605376583957,125
2025-09-25,Exp. Smoothing,2132.0,3317.0887939611625,126
2025-09-26,Exp. Smoothing,2132.0,3360.3592335065127,127
2025-09-27,Exp. Smoothing,2132.0,3398.373004084788,128
2025-09-28,Exp. Smoothing,2146.0,3326.683295266787,129
2025-09-29,Exp. Smoothing,2148.0,3280.4759346418964,130
2025-09-30,Exp. Smoothing,2159.0,3288.189012010799,131
2025-10-01,Exp. Smoothing,2163.0,3323.032793466654,132
2025-10-02,Exp. Smoothing,2164.0,3363.51621084386,133
2025-10-03,Exp. Smoothing,2164.0,3406.78665038921,134
2025-10-04,Exp. Smoothing,2164.0,3444.8004209674855,135
2025-10-05,Exp. Smoothing,2180.0,3373.1107121494842,136
2025-10-06,Exp. Smoothing,2187.0,3326.9033515245937,137
2025-10-07,Exp. Smoothing,2189.0,3334.6164288934965,138
2025-10-08,Exp. Smoothing,2192.0,3369.460210349351,139
2025-10-09,Exp. Smoothing,2192.0,3409.943627726557,140
2025-10-10,Exp. Smoothing,2192.0,3453.214067271907,141
2025-10-11,Exp. Smoothing,2192.0,3491.227837850183,142
2025-10-12,Exp. Smoothing,2192.0,3419.5381290321816,143
2025-10-13,Exp. Smoothing,2223.0,3373.330768407291,144
2025-10-14,Exp. Smoothing,2235.0,3381.043845776194,145
2025-10-15,Exp. Smoothing,2225.0,3415.8876272320485,146
2025-10-16,Exp. Smoothing,2233.0,3456.3710446092546,147
2025-10-17,Exp. Smoothing,2233.0,3499.6414841546048,148
2025-10-18,Exp. Smoothing,2233.0,3537.65525473288,149
2025-10-19,Exp. Smoothing,2237.0,3465.9655459148785,150
2025-10-20,Exp. Smoothing,2243.0,3419.7581852899884,151
2025-10-21,Exp. Smoothing,2251.0,3427.471262658891,152
2025-10-22,Exp. Smoothing,2261.0,3462.315044114746,153
2025-10-23,Exp. Smoothing,2266.0,3502.798461491952,154
2025-10-24,Exp. Smoothing,2266.0,3546.0689010373017,155
2025-10-25,Exp. Smoothing,2266.0,3584.0826716155775,156
2025-10-26,Exp. Smoothing,2276.0,3512.3929627975763,157
2025-10-27,Exp. Smoothing,2282.0,3466.185602172686,158
2025-10-28,Exp. Smoothing,2286.0,3473.898679541588,159
2025-10-29,Exp. Smoothing,2280.0,3508.7424609974432,160
2025-10-30,Exp. Smoothing,2287.0,3549.2258783746493,161
2025-10-31,Exp. Smoothing,2287.0,3592.496317919999,162
2025-11-01,Exp. Smoothing,2287.0,3630.5100884982744,163
2025-11-02,Exp. Smoothing,2277.0,3558.820379680273,164
2025-11-03,Exp. Smoothing,2269.0,3512.613019055383,165
2025-11-04,Exp. Smoothing,2270.0,3520.326096424286,166
2025-11-05,Exp. Smoothing,2272.0,3555.1698778801406,167
2025-11-06,Exp. Smoothing,2264.0,3595.653295257346,168
2025-11-07,Exp. Smoothing,2264.0,3638.9237348026963,169
2025-11-08,Exp. Smoothing,2264.0,3676.937505380972,170
2025-11-09,Exp. Smoothing,2294.0,3605.2477965629705,171
2025-11-10,Exp. Smoothing,2294.0,3559.04043593808,172
2025-11-11,Exp. Smoothing,2294.0,3566.7535133069828,173
2025-11-12,Exp. Smoothing,2302.0,3601.597294762838,174
2025-11-13,Exp. Smoothing,2317.0,3642.080712140044,175
2025-11-14,Exp. Smoothing,2317.0,3685.3511516853937,176
2025-11-15,Exp. Smoothing,2317.0,3723.364922263669,177
2025-11-16,Exp. Smoothing,2340.0,3651.675213445668,178
2025-11-17,Exp. Smoothing,2343.0,3605.467852820778,179
2025-11-18,Exp. Smoothing,2345.0,3613.18093018968,180
2025-11-19,Exp. Smoothing,2340.0,3648.0247116455353,181
2025-11-20,Exp. Smoothing,2340.0,3688.508129022741,182
2025-11-21,Exp. Smoothing,2340.0,3731.778568568091,183
2025-11-22,Exp. Smoothing,2340.0,3769.792339146367,184
2025-11-23,Exp. Smoothing,2375.0,3698.102630328365,185
2025-11-24,Exp. Smoothing,2371.0,3651.8952697034747,186
2025-11-25,Exp. Smoothing,2375.0,3659.6083470723775,187
2025-11-26,Exp. Smoothing,2375.0,3694.4521285282326,188
2025-11-27,Exp. Smoothing,2389.0,3734.935545905438,189
2025-11-28,Exp. Smoothing,2389.0,3778.2059854507884,190
2025-11-29,Exp. Smoothing,2389.0,3816.219756029064,191
2025-11-30,Exp. Smoothing,2415.0,3744.5300472110625,192
2025-12-01,Exp. Smoothing,2410.0,3698.3226865861725,193
2025-12-02,Exp. Smoothing,2407.0,3706.035763955075,194
2025-12-03,Exp. Smoothing,2419.0,3740.8795454109295,195
2025-12-04,Exp. Smoothing,2418.0,3781.3629627881355,196
2025-12-05,Exp. Smoothing,2418.0,3824.6334023334857,197
2025-12-06,Exp. Smoothing,2418.0,3862.647172911761,198
2025-12-07,Exp. Smoothing,2429.0,3790.95746409376,199
2025-12-08,Exp. Smoothing,2440.0,3744.7501034688694,200
2025-12-09,Exp. Smoothing,2443.0,3752.463180837772,201
2025-12-10,Exp. Smoothing,2439.0,3787.3069622936273,202
2025-12-11,Exp. Smoothing,2437.0,3827.790379670833,203
2025-12-12,Exp. Smoothing,2437.0,3871.0608192161826,204
2025-12-13,Exp. Smoothing,2437.0,3909.0745897944585,205
2025-12-14,Exp. Smoothing,2462.0,3837.384880976457,206
2025-12-15,Exp. Smoothing,2470.0,3791.1775203515667,207
2025-12-16,Exp. Smoothing,2468.0,3798.8905977204695,208
2025-12-17,Exp. Smoothing,2481.0,3833.734379176324,209
2025-12-18,Exp. Smoothing,2472.0,3874.21779655353,210
2025-12-19,Exp. Smoothing,2472.0,3917.4882360988804,211
2025-12-20,Exp. Smoothing,2472.0,3955.502006677156,212
2025-12-21,Exp. Smoothing,2484.0,3883.812297859154,213
2025-05-23,Random Forest,2473.0,2471.4977402291706,1
2025-05-24,Random Forest,2473.0,2471.2018479732783,2
2025-05-25,Random Forest,2473.0,2471.2018479732783,3
2025-05-26,Random Forest,2473.0,2470.7569794066603,4
2025-05-27,Random Forest,2504.0,2470.6607571844384,5
2025-05-28,Random Forest,2499.0,2471.977306917356,6
2025-05-29,Random Forest,2506.0,2471.241593112642,7
2025-05-30,Random Forest,2506.0,2471.144259779309,8
2025-05-31,Random Forest,2506.0,2471.7137196157687,9
2025-06-01,Random Forest,2528.0,2471.690657566707,10
2025-06-02,Random Forest,2518.0,2472.6521996542488,11
2025-06-03,Random Forest,2519.0,2471.7879909000403,12
2025-06-04,Random Forest,2516.0,2471.71483072688,13
2025-06-05,Random Forest,2503.0,2471.148499317548,14
2025-06-06,Random Forest,2503.0,2470.8922770953263,15
2025-06-07,Random Forest,2503.0,2470.8922770953263,16
2025-06-08,Random Forest,2507.0,2470.7960548731044,17
2025-06-09,Random Forest,2516.0,2471.555941837991,18
2025-06-10,Random Forest,2511.0,2471.807349245398,19
2025-06-11,Random Forest,2511.0,2471.966238134287,20
2025-06-12,Random Forest,2511.0,2471.966238134287,21
2025-06-13,Random Forest,2511.0,2471.7137196157687,22
2025-06-14,Random Forest,2511.0,2471.7137196157687,23
2025-06-15,Random Forest,2511.0,2471.051165984215,24
2025-06-16,Random Forest,2511.0,2471.8842131222623,25
2025-06-17,Random Forest,2523.0,2471.7879909000403,26
2025-06-18,Random Forest,2523.0,2471.7879909000403,27
2025-06-19,Random Forest,2501.0,2471.629102011151,28
2025-06-20,Random Forest,2501.0,2471.531768677818,29
2025-06-21,Random Forest,2501.0,2471.458608504658,30
2025-06-22,Random Forest,2508.0,2471.458608504658,31
2025-06-23,Random Forest,2495.0,2471.555941837991,32
2025-06-24,Random Forest,2489.0,2471.555941837991,33
2025-06-25,Random Forest,2470.0,2471.248904800954,34
2025-06-26,Random Forest,2447.0,2472.983132244563,35
2025-06-27,Random Forest,2447.0,2465.436523087381,36
2025-06-28,Random Forest,2447.0,2464.648016593874,37
2025-06-29,Random Forest,2413.0,2465.0797824668903,38
2025-06-30,Random Forest,2407.0,2412.4320973651397,39
2025-07-01,Random Forest,2391.0,2428.0473806142977,40
2025-07-02,Random Forest,2373.0,2395.263054656458,41
2025-07-03,Random Forest,2373.0,2388.2608171488682,42
2025-07-04,Random Forest,2373.0,2387.5093839478095,43
2025-07-05,Random Forest,2373.0,2384.227208155193,44
2025-07-06,Random Forest,2332.0,2383.684055576777,45
2025-07-07,Random Forest,2317.0,2364.9337021269066,46
2025-07-08,Random Forest,2306.0,2331.109674005458,47
2025-07-09,Random Forest,2281.0,2329.0323513743856,48
2025-07-10,Random Forest,2252.0,2314.8350632859288,49
2025-07-11,Random Forest,2252.0,2280.6825318835927,50
2025-07-12,Random Forest,2252.0,2280.6047877758488,51
2025-07-13,Random Forest,2204.0,2280.5568512679124,52
2025-07-14,Random Forest,2181.0,2222.526600565013,53
2025-07-15,Random Forest,2171.0,2210.0571073115343,54
2025-07-16,Random Forest,2164.0,2180.061166479491,55
2025-07-17,Random Forest,2153.0,2177.6119072202314,56
2025-07-18,Random Forest,2153.0,2175.002486379362,57
2025-07-19,Random Forest,2153.0,2175.994153158116,58
2025-07-20,Random Forest,2153.0,2175.2576172327986,59
2025-07-21,Random Forest,2121.0,2171.285629001532,60
2025-07-22,Random Forest,2117.0,2147.4538774646708,61
2025-07-23,Random Forest,2111.0,2144.239263177541,62
2025-07-24,Random Forest,2096.0,2144.187357015076,63
2025-07-25,Random Forest,2096.0,2144.0862881117573,64
2025-07-26,Random Forest,2096.0,2146.3035069702405,65
2025-07-27,Random Forest,2088.0,2150.170123415887,66
2025-07-28,Random Forest,2080.0,2146.0044471449896,67
2025-07-29,Random Forest,2072.0,2149.6678743455122,68
2025-07-30,Random Forest,2063.0,2151.7474285043163,69
2025-07-31,Random Forest,2058.0,2149.823431457246,70
2025-08-01,Random Forest,2058.0,2129.8722356900503,71
2025-08-02,Random Forest,2058.0,2129.747050151188,72
2025-08-03,Random Forest,2049.0,2130.1519046485428,73
2025-08-04,Random Forest,2040.0,2132.4778770141397,74
2025-08-05,Random Forest,2042.0,2134.0997620226494,75
2025-08-06,Random Forest,2036.0,2135.03574343013,76
2025-08-07,Random Forest,2031.0,2130.1066042702714,77
2025-08-08,Random Forest,2031.0,2131.8919710179025,78
2025-08-09,Random Forest,2031.0,2134.446895398533,79
2025-08-10,Random Forest,2006.0,2134.3562287318664,80
2025-08-11,Random Forest,1999.0,2134.5470175655814,81
2025-08-12,Random Forest,1999.0,2135.458959299773,82
2025-08-13,Random Forest,1997.0,2134.2538678171813,83
2025-08-14,Random Forest,1994.0,2134.690172308986,84
2025-08-15,Random Forest,1994.0,2134.6801841190713,85
2025-08-16,Random Forest,1994.0,2134.754535970923,86
2025-08-17,Random Forest,1991.0,2135.1880963179833,87
2025-08-18,Random Forest,1985.0,2134.6879972503843,88
2025-08-19,Random Forest,1980.0,2134.8050713244584,89
2025-08-20,Random Forest,1983.0,2135.444162409299,90
2025-08-21,Random Forest,1972.0,2140.5185131049,91
2025-08-22,Random Forest,1972.0,2140.0921691618064,92
2025-08-23,Random Forest,1972.0,2141.3611521325392,93
2025-08-24,Random Forest,1981.0,2134.9646083614957,94
2025-08-25,Random Forest,1980.0,2133.693036821924,95
2025-08-26,Random Forest,1989.0,2138.3904413471373,96
2025-08-27,Random Forest,1988.0,2133.9859217148087,97
2025-08-28,Random Forest,1984.0,2135.765906526293,98
2025-08-29,Random Forest,1984.0,2135.3843052664424,99
2025-08-30,Random Forest,1984.0,2135.69953398217,100
2025-08-31,Random Forest,1984.0,2136.7021715336173,101
2025-09-01,Random Forest,2010.0,2137.0028898893356,102
2025-09-02,Random Forest,2020.0,2137.233492242864,103
2025-09-03,Random Forest,2019.0,2136.9027496798717,104
2025-09-04,Random Forest,2015.0,2141.4347007941174,105
2025-09-05,Random Forest,2015.0,2141.3689194730423,106
2025-09-06,Random Forest,2015.0,2142.6541136100595,107
2025-09-07,Random Forest,2026.0,2136.036560885007,108
2025-09-08,Random Forest,2025.0,2136.5902161926615,109
2025-09-09,Random Forest,2023.0,2141.570280350726,110
2025-09-10,Random Forest,2025.0,2141.8902417781874,111
2025-09-11,Random Forest,2047.0,2145.2275285145993,112
2025-09-12,Random Forest,2047.0,2154.599819012141,113
2025-09-13,Random Forest,2047.0,2149.1751764616088,114
2025-09-14,Random Forest,2083.0,2146.853558970168,115
2025-09-15,Random Forest,2086.0,2150.8318617553455,116
2025-09-16,Random Forest,2095.0,2145.9232832366424,117
2025-09-17,Random Forest,2096.0,2144.200592034326,118
2025-09-18,Random Forest,2096.0,2155.940932137306,119
2025-09-19,Random Forest,2096.0,2149.0618892286902,120
2025-09-20,Random Forest,2096.0,2146.8716575938533,121
2025-09-21,Random Forest,2134.0,2141.290216537089,122
2025-09-22,Random Forest,2141.0,2151.3046528045247,123
2025-09-23,Random Forest,2145.0,2146.481071677319,124
2025-09-24,Random Forest,2138.0,2151.3843763786094,125
2025-09-25,Random Forest,2132.0,2144.2473839715058,126
2025-09-26,Random Forest,2132.0,2141.2876636640353,127
2025-09-27,Random Forest,2132.0,2140.924502132756,128
2025-09-28,Random Forest,2146.0,2141.4449925127465,129
2025-09-29,Random Forest,2148.0,2150.305329168194,130
2025-09-30,Random Forest,2159.0,2151.1674017160167,131
2025-10-01,Random Forest,2163.0,2161.884131976497,132
2025-10-02,Random Forest,2164.0,2175.261809123424,133
2025-10-03,Random Forest,2164.0,2169.7299000325147,134
2025-10-04,Random Forest,2164.0,2170.7531787630433,135
2025-10-05,Random Forest,2180.0,2162.4189158361555,136
2025-10-06,Random Forest,2187.0,2189.883238098502,137
2025-10-07,Random Forest,2189.0,2197.525711568388,138
2025-10-08,Random Forest,2192.0,2198.3328361197623,139
2025-10-09,Random Forest,2192.0,2199.5885917622677,140
2025-10-10,Random Forest,2192.0,2202.5464713064707,141
2025-10-11,Random Forest,2192.0,2203.5766213046204,142
2025-10-12,Random Forest,2192.0,2203.9176761294257,143
2025-10-13,Random Forest,2223.0,2197.1729710937216,144
2025-10-14,Random Forest,2235.0,2232.543601294489,145
2025-10-15,Random Forest,2225.0,2236.1092904552734,146
2025-10-16,Random Forest,2233.0,2231.0347486008855,147
2025-10-17,Random Forest,2233.0,2235.960505365091,148
2025-10-18,Random Forest,2233.0,2236.4080886984243,149
2025-10-19,Random Forest,2237.0,2237.919645227135,150
2025-10-20,Random Forest,2243.0,2240.065763955901,151
2025-10-21,Random Forest,2251.0,2249.4090988059647,152
2025-10-22,Random Forest,2261.0,2270.0074885543754,153
2025-10-23,Random Forest,2266.0,2282.031394646649,154
2025-10-24,Random Forest,2266.0,2284.5571959934505,155
2025-10-25,Random Forest,2266.0,2277.028590342021,156
2025-10-26,Random Forest,2276.0,2280.582148138527,157
2025-10-27,Random Forest,2282.0,2282.458600859009,158
2025-10-28,Random Forest,2286.0,2298.978502925539,159
2025-10-29,Random Forest,2280.0,2303.37984298771,160
2025-10-30,Random Forest,2287.0,2302.9326198959866,161
2025-10-31,Random Forest,2287.0,2304.449852922219,162
2025-11-01,Random Forest,2287.0,2322.6623282616943,163
2025-11-02,Random Forest,2277.0,2322.5088242471907,164
2025-11-03,Random Forest,2269.0,2301.22308299724,165
2025-11-04,Random Forest,2270.0,2299.153119220276,166
2025-11-05,Random Forest,2272.0,2305.6111992051074,167
2025-11-06,Random Forest,2264.0,2300.2688837705405,168
2025-11-07,Random Forest,2264.0,2298.0344141105707,169
2025-11-08,Random Forest,2264.0,2298.1804321480886,170
2025-11-09,Random Forest,2294.0,2298.1368264694534,171
2025-11-10,Random Forest,2294.0,2322.214508687476,172
2025-11-11,Random Forest,2294.0,2321.920831318549,173
2025-11-12,Random Forest,2302.0,2330.694213353181,174
2025-11-13,Random Forest,2317.0,2329.9900826189914,175
2025-11-14,Random Forest,2317.0,2333.9289532924354,176
2025-11-15,Random Forest,2317.0,2331.0643017315792,177
2025-11-16,Random Forest,2340.0,2328.5225584402842,178
2025-11-17,Random Forest,2343.0,2358.104943048051,179
2025-11-18,Random Forest,2345.0,2358.7851360305076,180
2025-11-19,Random Forest,2340.0,2364.2254930127065,181
2025-11-20,Random Forest,2340.0,2369.2336371926,182
2025-11-21,Random Forest,2340.0,2369.4590368642794,183
2025-11-22,Random Forest,2340.0,2370.0176262656187,184
2025-11-23,Random Forest,2375.0,2374.218576336789,185
2025-11-24,Random Forest,2371.0,2389.739647143763,186
2025-11-25,Random Forest,2375.0,2389.913940840262,187
2025-11-26,Random Forest,2375.0,2392.9202292546775,188
2025-11-27,Random Forest,2389.0,2386.6444683165414,189
2025-11-28,Random Forest,2389.0,2390.0800253104735,190
2025-11-29,Random Forest,2389.0,2390.897869753068,191
2025-11-30,Random Forest,2415.0,2392.0021864502596,192
2025-12-01,Random Forest,2410.0,2427.7082003367286,193
2025-12-02,Random Forest,2407.0,2427.332280515808,194
2025-12-03,Random Forest,2419.0,2428.5004552114824,195
2025-12-04,Random Forest,2418.0,2432.4064834188994,196
2025-12-05,Random Forest,2418.0,2429.160546263463,197
2025-12-06,Random Forest,2418.0,2428.9877578019245,198
2025-12-07,Random Forest,2429.0,2429.207924468592,199
2025-12-08,Random Forest,2440.0,2441.888609951553,200
2025-12-09,Random Forest,2443.0,2469.442253653112,201
2025-12-10,Random Forest,2439.0,2485.90860317396,202
2025-12-11,Random Forest,2437.0,2474.1968193096777,203
2025-12-12,Random Forest,2437.0,2474.0994859763446,204
2025-12-13,Random Forest,2437.0,2474.0994859763446,205
2025-12-14,Random Forest,2462.0,2468.8718092086674,206
2025-12-15,Random Forest,2470.0,2488.2705509484076,207
2025-12-16,Random Forest,2468.0,2492.9288122589924,208
2025-12-17,Random Forest,2481.0,2487.555256703437,209
2025-12-18,Random Forest,2472.0,2492.9288122589924,210
2025-12-19,Random Forest,2472.0,2492.831478925659,211
2025-12-20,Random Forest,2472.0,2493.0249908304213,212
2025-12-21,Random Forest,2484.0,2487.4712130526436,213
2025-05-23,Gradient Boosting,2473.0,2464.015646364848,1
2025-05-24,Gradient Boosting,2473.0,2463.662150915002,2
2025-05-25,Gradient Boosting,2473.0,2466.1586789472485,3
2025-05-26,Gradient Boosting,2473.0,2459.7518889794806,4
2025-05-27,Gradient Boosting,2504.0,2452.153930796963,5
2025-05-28,Gradient Boosting,2499.0,2456.34425404167,6
2025-05-29,Gradient Boosting,2506.0,2464.630380055919,7
2025-05-30,Gradient Boosting,2506.0,2464.015646364848,8
2025-05-31,Gradient Boosting,2506.0,2464.0392072458553,9
2025-06-01,Gradient Boosting,2528.0,2466.495978088211,10
2025-06-02,Gradient Boosting,2518.0,2450.321928629025,11
2025-06-03,Gradient Boosting,2519.0,2451.6013619175737,12
2025-06-04,Gradient Boosting,2516.0,2461.4697829766455,13
2025-06-05,Gradient Boosting,2503.0,2444.661283252443,14
2025-06-06,Gradient Boosting,2503.0,2455.5052957635016,15
2025-06-07,Gradient Boosting,2503.0,2456.316358375061,16
2025-06-08,Gradient Boosting,2507.0,2463.2484021076652,17
2025-06-09,Gradient Boosting,2516.0,2464.780028424879,18
2025-06-10,Gradient Boosting,2511.0,2464.928062917192,19
2025-06-11,Gradient Boosting,2511.0,2457.5944399012733,20
2025-06-12,Gradient Boosting,2511.0,2452.3288751651185,21
2025-06-13,Gradient Boosting,2511.0,2462.060453657844,22
2025-06-14,Gradient Boosting,2511.0,2462.684019845711,23
2025-06-15,Gradient Boosting,2511.0,2462.9807204325284,24
2025-06-16,Gradient Boosting,2511.0,2460.472653637158,25
2025-06-17,Gradient Boosting,2523.0,2457.828256963945,26
2025-06-18,Gradient Boosting,2523.0,2457.8746654114907,27
2025-06-19,Gradient Boosting,2501.0,2454.1276978011374,28
2025-06-20,Gradient Boosting,2501.0,2458.650539385784,29
2025-06-21,Gradient Boosting,2501.0,2458.650539385784,30
2025-06-22,Gradient Boosting,2508.0,2452.391963616097,31
2025-06-23,Gradient Boosting,2495.0,2449.519915232691,32
2025-06-24,Gradient Boosting,2489.0,2450.44575371299,33
2025-06-25,Gradient Boosting,2470.0,2448.9662778126644,34
2025-06-26,Gradient Boosting,2447.0,2444.2560494670297,35
2025-06-27,Gradient Boosting,2447.0,2448.037977756879,36
2025-06-28,Gradient Boosting,2447.0,2448.037977756879,37
2025-06-29,Gradient Boosting,2413.0,2446.595664586334,38
2025-06-30,Gradient Boosting,2407.0,2411.0431814377207,39
2025-07-01,Gradient Boosting,2391.0,2411.1404683075452,40
2025-07-02,Gradient Boosting,2373.0,2375.901765105069,41
2025-07-03,Gradient Boosting,2373.0,2382.7268366206154,42
2025-07-04,Gradient Boosting,2373.0,2376.6014158279936,43
2025-07-05,Gradient Boosting,2373.0,2353.6253888533915,44
2025-07-06,Gradient Boosting,2332.0,2352.446064207147,45
2025-07-07,Gradient Boosting,2317.0,2342.676269088451,46
2025-07-08,Gradient Boosting,2306.0,2316.416315751088,47
2025-07-09,Gradient Boosting,2281.0,2294.287531317788,48
2025-07-10,Gradient Boosting,2252.0,2266.188562011772,49
2025-07-11,Gradient Boosting,2252.0,2248.0248230190323,50
2025-07-12,Gradient Boosting,2252.0,2259.6959272531367,51
2025-07-13,Gradient Boosting,2204.0,2260.6635922069263,52
2025-07-14,Gradient Boosting,2181.0,2214.5276842979206,53
2025-07-15,Gradient Boosting,2171.0,2189.8092604198073,54
2025-07-16,Gradient Boosting,2164.0,2150.6934349682474,55
2025-07-17,Gradient Boosting,2153.0,2151.844972400762,56
2025-07-18,Gradient Boosting,2153.0,2152.593514283028,57
2025-07-19,Gradient Boosting,2153.0,2165.9520411202643,58
2025-07-20,Gradient Boosting,2153.0,2167.835029875693,59
2025-07-21,Gradient Boosting,2121.0,2156.4672201060503,60
2025-07-22,Gradient Boosting,2117.0,2138.2630963816127,61
2025-07-23,Gradient Boosting,2111.0,2135.5683342124253,62
2025-07-24,Gradient Boosting,2096.0,2131.531213532143,63
2025-07-25,Gradient Boosting,2096.0,2135.036703143592,64
2025-07-26,Gradient Boosting,2096.0,2137.7577508535346,65
2025-07-27,Gradient Boosting,2088.0,2146.3786427359287,66
2025-07-28,Gradient Boosting,2080.0,2133.649189597409,67
2025-07-29,Gradient Boosting,2072.0,2150.30686271683,68
2025-07-30,Gradient Boosting,2063.0,2150.7606142278196,69
2025-07-31,Gradient Boosting,2058.0,2149.785966176708,70
2025-08-01,Gradient Boosting,2058.0,2150.6795817228744,71
2025-08-02,Gradient Boosting,2058.0,2151.3269258817913,72
2025-08-03,Gradient Boosting,2049.0,2154.958468536277,73
2025-08-04,Gradient Boosting,2040.0,2152.05584282232,74
2025-08-05,Gradient Boosting,2042.0,2153.355825552896,75
2025-08-06,Gradient Boosting,2036.0,2150.9065153490887,76
2025-08-07,Gradient Boosting,2031.0,2139.6685461692064,77
2025-08-08,Gradient Boosting,2031.0,2139.9149249276898,78
2025-08-09,Gradient Boosting,2031.0,2152.8528102296627,79
2025-08-10,Gradient Boosting,2006.0,2152.8854029517597,80
2025-08-11,Gradient Boosting,1999.0,2149.3551433272887,81
2025-08-12,Gradient Boosting,1999.0,2155.384871320755,82
2025-08-13,Gradient Boosting,1997.0,2155.5143448282747,83
2025-08-14,Gradient Boosting,1994.0,2152.5975330162973,84
2025-08-15,Gradient Boosting,1994.0,2153.0839138986958,85
2025-08-16,Gradient Boosting,1994.0,2154.0473426675403,86
2025-08-17,Gradient Boosting,1991.0,2153.4558764786107,87
2025-08-18,Gradient Boosting,1985.0,2152.7976749586346,88
2025-08-19,Gradient Boosting,1980.0,2152.6977890495978,89
2025-08-20,Gradient Boosting,1983.0,2154.1136199529774,90
2025-08-21,Gradient Boosting,1972.0,2153.663028014371,91
2025-08-22,Gradient Boosting,1972.0,2152.572326894503,92
2025-08-23,Gradient Boosting,1972.0,2152.5259184469573,93
2025-08-24,Gradient Boosting,1981.0,2158.977702482017,94
2025-08-25,Gradient Boosting,1980.0,2153.7664223916786,95
2025-08-26,Gradient Boosting,1989.0,2155.408432201762,96
2025-08-27,Gradient Boosting,1988.0,2155.1128135698004,97
2025-08-28,Gradient Boosting,1984.0,2152.516839913589,98
2025-08-29,Gradient Boosting,1984.0,2154.3674331138927,99
2025-08-30,Gradient Boosting,1984.0,2155.448787397553,100
2025-08-31,Gradient Boosting,1984.0,2157.597391841654,101
2025-09-01,Gradient Boosting,2010.0,2155.8020126555866,102
2025-09-02,Gradient Boosting,2020.0,2159.858816616239,103
2025-09-03,Gradient Boosting,2019.0,2154.6262401968215,104
2025-09-04,Gradient Boosting,2015.0,2140.55905059348,105
2025-09-05,Gradient Boosting,2015.0,2154.402930058831,106
2025-09-06,Gradient Boosting,2015.0,2156.13960705535,107
2025-09-07,Gradient Boosting,2026.0,2158.0346574602418,108
2025-09-08,Gradient Boosting,2025.0,2156.4813374719097,109
2025-09-09,Gradient Boosting,2023.0,2155.46451354014,110
2025-09-10,Gradient Boosting,2025.0,2146.180317042871,111
2025-09-11,Gradient Boosting,2047.0,2158.576114677472,112
2025-09-12,Gradient Boosting,2047.0,2200.7315285121285,113
2025-09-13,Gradient Boosting,2047.0,2161.974453458244,114
2025-09-14,Gradient Boosting,2083.0,2162.277828715352,115
2025-09-15,Gradient Boosting,2086.0,2158.774230954531,116
2025-09-16,Gradient Boosting,2095.0,2161.5618636707427,117
2025-09-17,Gradient Boosting,2096.0,2158.116182649768,118
2025-09-18,Gradient Boosting,2096.0,2160.8268869051576,119
2025-09-19,Gradient Boosting,2096.0,2160.892927821397,120
2025-09-20,Gradient Boosting,2096.0,2159.3043940189227,121
2025-09-21,Gradient Boosting,2134.0,2161.406344126555,122
2025-09-22,Gradient Boosting,2141.0,2160.1393054528126,123
2025-09-23,Gradient Boosting,2145.0,2162.7454007242673,124
2025-09-24,Gradient Boosting,2138.0,2165.86118629424,125
2025-09-25,Gradient Boosting,2132.0,2162.398268039795,126
2025-09-26,Gradient Boosting,2132.0,2162.1059541611617,127
2025-09-27,Gradient Boosting,2132.0,2162.0568353922813,128
2025-09-28,Gradient Boosting,2146.0,2163.4005358313725,129
2025-09-29,Gradient Boosting,2148.0,2171.3001997085134,130
2025-09-30,Gradient Boosting,2159.0,2172.2260381888127,131
2025-10-01,Gradient Boosting,2163.0,2178.591327765872,132
2025-10-02,Gradient Boosting,2164.0,2174.6686988181364,133
2025-10-03,Gradient Boosting,2164.0,2176.2921331520133,134
2025-10-04,Gradient Boosting,2164.0,2176.0354496385053,135
2025-10-05,Gradient Boosting,2180.0,2179.8156320856638,136
2025-10-06,Gradient Boosting,2187.0,2193.6956789564124,137
2025-10-07,Gradient Boosting,2189.0,2192.7957124693376,138
2025-10-08,Gradient Boosting,2192.0,2193.399098464388,139
2025-10-09,Gradient Boosting,2192.0,2207.915901592184,140
2025-10-10,Gradient Boosting,2192.0,2213.5913814179744,141
2025-10-11,Gradient Boosting,2192.0,2214.2976090906254,142
2025-10-12,Gradient Boosting,2192.0,2214.3627740375373,143
2025-10-13,Gradient Boosting,2223.0,2198.6172141039838,144
2025-10-14,Gradient Boosting,2235.0,2231.623487151419,145
2025-10-15,Gradient Boosting,2225.0,2229.171307567006,146
2025-10-16,Gradient Boosting,2233.0,2230.28214618079,147
2025-10-17,Gradient Boosting,2233.0,2233.629057596452,148
2025-10-18,Gradient Boosting,2233.0,2233.724052080209,149
2025-10-19,Gradient Boosting,2237.0,2249.748908601623,150
2025-10-20,Gradient Boosting,2243.0,2246.8665720633626,151
2025-10-21,Gradient Boosting,2251.0,2254.7046123520668,152
2025-10-22,Gradient Boosting,2261.0,2267.7762347704024,153
2025-10-23,Gradient Boosting,2266.0,2272.155734398273,154
2025-10-24,Gradient Boosting,2266.0,2311.5156468207038,155
2025-10-25,Gradient Boosting,2266.0,2273.813580492442,156
2025-10-26,Gradient Boosting,2276.0,2275.8975072074672,157
2025-10-27,Gradient Boosting,2282.0,2271.132107989324,158
2025-10-28,Gradient Boosting,2286.0,2288.7299325619488,159
2025-10-29,Gradient Boosting,2280.0,2286.838690521737,160
2025-10-30,Gradient Boosting,2287.0,2289.2016773718697,161
2025-10-31,Gradient Boosting,2287.0,2291.1775012873813,162
2025-11-01,Gradient Boosting,2287.0,2289.725901836876,163
2025-11-02,Gradient Boosting,2277.0,2289.674953777004,164
2025-11-03,Gradient Boosting,2269.0,2271.1577266429063,165
2025-11-04,Gradient Boosting,2270.0,2272.340766219399,166
2025-11-05,Gradient Boosting,2272.0,2272.4683529730496,167
2025-11-06,Gradient Boosting,2264.0,2267.3259534105855,168
2025-11-07,Gradient Boosting,2264.0,2272.329943881689,169
2025-11-08,Gradient Boosting,2264.0,2270.565860959062,170
2025-11-09,Gradient Boosting,2294.0,2270.8329591267993,171
2025-11-10,Gradient Boosting,2294.0,2292.0093550830193,172
2025-11-11,Gradient Boosting,2294.0,2293.302306237039,173
2025-11-12,Gradient Boosting,2302.0,2295.7981586765936,174
2025-11-13,Gradient Boosting,2317.0,2304.372523058989,175
2025-11-14,Gradient Boosting,2317.0,2309.554287111792,176
2025-11-15,Gradient Boosting,2317.0,2308.547650813159,177
2025-11-16,Gradient Boosting,2340.0,2306.0699489285275,178
2025-11-17,Gradient Boosting,2343.0,2332.3262054263987,179
2025-11-18,Gradient Boosting,2345.0,2333.3011665857634,180
2025-11-19,Gradient Boosting,2340.0,2326.8565722219605,181
2025-11-20,Gradient Boosting,2340.0,2347.956935511254,182
2025-11-21,Gradient Boosting,2340.0,2356.6731238495863,183
2025-11-22,Gradient Boosting,2340.0,2360.7660153565735,184
2025-11-23,Gradient Boosting,2375.0,2348.129131540071,185
2025-11-24,Gradient Boosting,2371.0,2359.277731053113,186
2025-11-25,Gradient Boosting,2375.0,2356.495582690061,187
2025-11-26,Gradient Boosting,2375.0,2361.067393729507,188
2025-11-27,Gradient Boosting,2389.0,2357.905432463508,189
2025-11-28,Gradient Boosting,2389.0,2364.480392034808,190
2025-11-29,Gradient Boosting,2389.0,2367.3769695042433,191
2025-11-30,Gradient Boosting,2415.0,2373.8314112982625,192
2025-12-01,Gradient Boosting,2410.0,2387.6922709780365,193
2025-12-02,Gradient Boosting,2407.0,2404.4253319622444,194
2025-12-03,Gradient Boosting,2419.0,2407.0552674418645,195
2025-12-04,Gradient Boosting,2418.0,2402.402346825395,196
2025-12-05,Gradient Boosting,2418.0,2412.049109365769,197
2025-12-06,Gradient Boosting,2418.0,2412.5800849348466,198
2025-12-07,Gradient Boosting,2429.0,2421.0955878785867,199
2025-12-08,Gradient Boosting,2440.0,2417.1205265118124,200
2025-12-09,Gradient Boosting,2443.0,2430.002652367242,201
2025-12-10,Gradient Boosting,2439.0,2443.8071500769,202
2025-12-11,Gradient Boosting,2437.0,2431.77028353118,203
2025-12-12,Gradient Boosting,2437.0,2433.9922411947905,204
2025-12-13,Gradient Boosting,2437.0,2433.9922411947905,205
2025-12-14,Gradient Boosting,2462.0,2426.73536494079,206
2025-12-15,Gradient Boosting,2470.0,2446.545000511631,207
2025-12-16,Gradient Boosting,2468.0,2464.411308923678,208
2025-12-17,Gradient Boosting,2481.0,2457.0016880893086,209
2025-12-18,Gradient Boosting,2472.0,2448.3416900730326,210
2025-12-19,Gradient Boosting,2472.0,2440.0797679236703,211
2025-12-20,Gradient Boosting,2472.0,2443.3545945542637,212
2025-12-21,Gradient Boosting,2484.0,2453.2302956918265,213
